title,date,main,url,section
"유시민, 삼부토건·세관마약 의혹에 “문명에서 야만으로”",2024.08.08. 오후 12:58,"유 “인간은 생물학적으로 권력에 굴종.. 그걸 보고 있는 것”◆…지난 7일 공개된 유튜브 방송 매불쇼에 출연한 유시민 작가가 발언하고 있다. [사진 = 유튜브 '매불쇼' 방송영상 갈무리]유시민 작가가 최근 정치권에서 불거진 삼부토건 주가조작 의혹 및 세관마약 수사 외압 의혹에 대해 ""문명에서 야만으로 퇴각하는 건 순식간이다. 그 맥락에서 일어날 수 있는 일이라고 본다""고 평가했다.유 작가는 지난 7일 공개된 유튜브 방송 '매불쇼: 수요난장판'에 출연해 ""사람들이 높은 수준의 문명을 누리다 보면 역사책에 나오는 일들이 끝난 것 같다고 생각하지만 그 수준으로 (돌아) 가는 건 순식간""이라며 이같이 말했다.앞서 정치권에서는 삼부토건 주가조작 의혹과 세관마약 수사 외압 의혹 등이 정국 현안으로 떠올랐다. 삼부토건 관련 의혹은 국회 법사위원회·정무위원회에서 다뤄졌고 세관마약 건은 조지호 경찰청장 청문회에서 국회 행정안전위원회가 검증에 나선 바 있다.유 작가는 해당 의혹들이 불거진 데 대해서 국가 수준과 연관해 해석했다.그는 ""국가·정부는 추상적인 관념이고 실제로 존재하는 건 사람들이다. 그 사람들의 말과 행동, 의사결정만이 존재하는 것""이라며 ""수준 낮은 사람이 모든 사람을 수준 낮게 행동하도록 강제하면 정부 수준이 낮아지고 국가 수준도 내려가는 게 아니겠나""라고 반문했다. 이는 윤석열 대통령을 에둘러 비판한 것으로 해석된다.◆…지난 7일 공개된 유튜브 방송 매불쇼에 출연한 유시민 작가가 발언하고 있다. [사진 = 유튜브 '매불쇼' 방송영상 갈무리]이어 ""마약사건 무마나 삼부토건 문제와 같은 두 가지 일들은 '어떻게 대한민국이 이렇게 되는지 믿을 수 없다'고 하지만 순식간에 일어날 수 있는 일""이라며 ""인간이 권력에 굴종하려는 성향이 있는데 각자가 각성하고 노력하지 않는다면 그 본성으로 회귀하는 게 순식간인 것""이라고 설명했다.유 작가는 계속해서 삼부토건 관련 의혹에 대해서는 의심이 들 수밖에 없는 상황이라고 평가했다. 반면 세관마약 수사 외압 의혹에는 아직 사실관계 파악이 부족하다고 봤다.그는 삼부토건 관련 의혹에 대해 ""의심이 들 수밖에 없는 상황이다. 삼부토건 주가동향과 사업 구성, 해외사업 유무를 확인해 볼 수 있다""며 ""영부인과 국토부 장관 등의 우크라이나 관련 일정을 맞춰봐도 그렇다""고 지적했다.그러면서 ""나는 그 사실 관계보다는 이렇게 작은 일에 국가운영 동선이 맞춰진다는 게 너무 쪼잔한 일(이라고 본다)""며 ""삼부토건이 대기업도 아니고 우크라이나 재건 지원으로 얼마 얻어먹겠나. 아예 큰 거였으면 모르겠는데 우리가 너무 작아지고 있어 기분이 처참하다""고 날을 세웠다.반면 세관마약 관련 의혹에 대해서는 ""아직 사실관계가 너무 안 나왔다. 마약사건 적발 경위조차 공개돼 있지 않다""며 ""여기에 대통령실이 관심 가져야 할 이유가 하나도 없다. 지금은 블랙박스라고 보는데 제보자가 나오는 등 (문제가 더) 불거져서 나오면 우리가 얘기할 수 있을 거라 본다""고 짚었다.",https://n.news.naver.com/mnews/article/123/0002339991,100
"정유라 ""난 6개월 만에 중졸됐는데…조국 아들은 2년 걸려""",2024.08.08. 오후 1:05,"조국 조국혁신당 대표와 정유라 씨. 연합뉴스8일 연세대가 조국 조국혁신당 대표 아들 조모 씨의 석사 학위를 취소했다고 알려지자, 최서원(개명 전 최순실) 씨의 딸 정유라 씨가 과거 자신의 경우와 비교하며 불합리함을 토로했다.정 씨는 8일 자신의 페이스북에 ""이젠 별로 화도 안 난다. 조국 아들은 학위 날아가는데 2022년부터 2년이 걸렸다""며 ""나는 중졸까지 6개월도 안 걸려서 날아간 것으로 기억한다""고 작성했다.그러면서 ""모든 운동선수가 동일한 조건 하에 대학에 입학, 졸업을 한 것을 명확하게 알고 있었지만 정치에 피해를 끼치고 싶지 않아 엄마를 설득해 자진해서 자퇴했다""고 말했다.이어 정 씨는 ""당시 물귀신 작전을 하면 유명 선수들의 학위를 다 날릴 수 있었지만 안 했다""며 ""내가 괴롭다고 해서 굳이 모두가 괴로워야 하나 싶었기 때문이었다. 난 그게 인간성이라 믿었다""고 떠올렸다.그는 ""얘네(유명 선수들)는 내가 물귀신을 하면 다같이 중졸이었을 텐데 나 때문에 출결이 강화됐다고 나를 원망하는 것을 보고 웃음 밖에 안 나왔다""며 ""그래도 내 학위는 안 돌려줘도 좋으니 운동선수들의 출결을 인정해 주자는 의견에는 동의하는 입장이었고 지금도 그 마음엔 변함이 없다""고 덧붙였다.정 씨는 ""이제 와 학위 돌려받아봐야 무슨 소용이냐는 마음 반, 우파에 폐 끼치고 싶지 않은 마음 반으로 아무 말 안 하고 있다""며 ""이 나라는 양심 없이 살아야 이득인 나라인가 보다. 미쳐있어야 돈을 벌고 미쳐있어야 자식 키우기 쉬운 세상""이라고 비판했다.한편, 지난 2016년 12월 5일 서울시교육청은 정 씨가 졸업한 서울 청담고에 대한 특정감사 결과 ""수업 일수 미달, 출석 대체 근거 자료 미확인 등의 사유로 정 씨의 졸업을 취소한다""고 밝혔다.이어 정 씨의 이화여대 입학과 학사특혜 의혹을 조사해 온 이화학당 특별감사위원회도 같은 달 ""정 씨가 입학 당시 면접에서 부정행위를 했고, 입학 후에는 수업에 출석하지 않고 시험을 대리 응시했다""며 입학을 취소하겠다고 밝혔다.이로써 정 씨의 최종 학력은 중졸이 됐다.",https://n.news.naver.com/mnews/article/088/0000896999,100
"與김상훈 ""영수회담 전 여야 대표 회담 먼저…금투세 폐지는 당론""",2024.08.08. 오전 11:11,"[the300](서울=뉴스1) 안은나 기자 = 김상훈 국민의힘 의원이 2일 오전 서울 여의도 국회에서 열린 현안 관련 기자간담회에서 한동훈 지도부 초대 정책위의장 지명 소감을 밝힌 뒤 취재진 질문에 답하고 있다. 2024.8.2/뉴스1  Copyright (C) 뉴스1. All rights reserved. 무단 전재 및 재배포,  AI학습 이용 금지. /사진=(서울=뉴스1) 안은나 기자박찬대 더불어민주당 대표 직무대행 겸 원내대표가 영수회담을 제안한 것에 대해 김상훈 국민의힘 정책위의장이 ""여야 당 대표 회담이 선행돼야 한다""고 말했다.김 정책위의장은 8일 오전 SBS라디오 '김태현의 정치쇼'에 나와 ""영수회담 이전에 (민주당) 전당대회가 끝나면 여야 당 대표 회담이 선행돼야 한다""며 ""정부 측의 협조가 필요하다면 그때 여야와 대통령이 함께하는 회담도 판단해볼 수 있을 것""이라고 했다.그러면서 민주당이 윤석열 대통령의 거부권(재의요구권) 행사 중단을 요구한 것을 두고 ""민주당이 특정 정파 이념이 담긴 법, 선심성 포퓰리즘, 불법파업을 조장하는 그런 범법들을 일방 폭주하며 표결 처리에 나선다면 대통령 거부권 행사가 중단될 리는 만무하다""며 ""국민들께 중장기적으로 폐를 끼치는 법안들이 통과된다면 거부권을 행사해야 한다""고 말했다.김 정책위의장은 한 대표가 강조하는 금융투자소득세(금투세) 폐지는 사실상 당론이라고 강조했다.김 정책위의장은 ""우리 1400만 주식투자자들 입장에서 금투세 폐지 자체는 국내 주식시장을 견인할 수 있는 아주 큰 시그널""이라며 ""일시적인 유예 조치도 고려할 수 있지만 그것은 폭탄 돌리기다. 이왕이면 (여야가) 같이 협의해 금투세를 폐지하는 쪽으로 가닥을 잡는 게 맞지 않느냐""고 했다.이어 ""제일 난처한 게 부자감세 논리인데 사람들이 규제에 얽매이지 않고 왕성한 기업활동을 할 수 있게 하며 적절한 이익을 보장해주는 시스템이 우리 대한민국을 살린다""며 ""금투세도 단순한 부자 감세라고 판단할 게 아니라고 생각한다""고 밝혔다.김 정책위의장은 한동훈 국민의힘 대표와 추경호 원내대표 간 이견이 있을 경우 조정하는 역할을 맡겠느냔 진행자 물음에 ""가능하면 그러려고 한다. 한 대표와 추 원내대표의 엇박자가 없겠지만, 그런 게 있다면 중간에서 두 분의 의견을 수렴해서 결론을 같이 내가는 조력자 역할을 해야 하지 않겠나""라고 답했다.",https://n.news.naver.com/mnews/article/008/0005074625,100
"민주당 '채상병 특검법' 또 발의…장동혁 ""더 허접한 법안"" 비난",2024.08.08. 오후 1:38,"[the300]장동혁 국민의힘 최고위원 /사진=뉴스1더불어민주당이 '채상병 특검법'(순직 해병 수사 방해 및 사건 은폐 등의 진상규명을 위한 특별검사의 임명 등에 관한 법률안)을 세번째로 발의한다. 국민의힘은 ""더 강하고 더 센 특검법이 아니라 더 허접한 특검법""이라고 비판했다.장동혁 국민의힘 최고위원은 8일 오전 서울 여의도 중앙당사에서 열린 최고위원회의에서 이같이 말했다. 그는 ""벌써 이 특검법만 세번째 반복하고 있는데 민주당이 왜 이토록 이 특검법에 목매달고 있는지 도저히 이해하기 힘들다. 이 정도 되면 이미 집착을 넘어선 것 같다""고 했다.장 최고위원은 ""특검법이 처음 발의됐을 때는 대통령실 수사외압 의혹만 있었고 두번째 발의할 때는 밑도 끝도 없이 고위공직자범죄수사처(공수처) 수사외압 의혹을 추가했다""며 ""이제는 역시 아무 근거 없는 해병다 사단장 구명 로비 의혹까지 추가했다""고 강조했다.이어 ""민주당 출신 인사들이 뒤섞여 술자리 방담 수준의 대화를 나눈 것을 공익 제보로 위장, 거대 음모로 부풀린 정치공작이라는 사실이 드러났는데도 이런 의혹까지 특검법에 포함하고 있다""고 주장했다.이날 민주당이 발의하는 채상병 특검법에는 이종호 전 블랙펄인베스트먼트 대표의 임성근 전 해병대 1사단장 구명 로비 의혹이 수사 대상에 포함됐다. 이 전대표는 김건희 여사가 연루된 도이치모터스 주가조작 사건으로 재판을 받고 있다.이 같은 내용은 지난 21대 국회에서 폐기된 첫 특검법과 지난달 국회 본회의에서 재의결을 거쳐 폐기된 특검법에는 포함되지 않았던 것이다.특검 추천권은 민주당이 1명, 비교섭단체가 1명씩 갖는 것으로 정했다. 한동훈 국민의힘 대표가 제안했던 제3자 추천안은 반영되지 않았다. 지난날 당대표 경선 과정에서 제3자 추천 방식의 특검법을 제안했던 한 대표는 당 내 반대 여론 등을 고려해 발의 시기를 늦추고 있다.김종혁 최고위원은 이날 KBS라디오 '전격시사'에서 ""(채상병 특검법 발의는) 우리 당에서 반대하는 의원들이 압도적으로 많은 것이 사실""이라며 ""민주당에서 '빨리 한두 명이라도 해서 발의하라'고 이야기하는데 그것은 우리 당내 갈등과 분열을 조장하기 위한 것""이라고 말했다.",https://n.news.naver.com/mnews/article/008/0005074677,100
"김홍걸 ""DJ 사저 문화재 지정 노력했지만 안돼…민간 기념관 될 것""",2024.08.08. 오전 10:42,"김대중 전 대통령의 3남 김홍걸 전 의원. 〈사진=연합뉴스〉김대중 전 대통령(DJ)의 3남 김홍걸 전 의원이 동교동 사저 매각 논란과 관련해 직접 입장을 밝혔습니다.김 전 의원은 DJ 사저를 문화재로 지정하기 위해 노력했지만 잘 안 됐고, 차선책으로 민간 기념관을 만들겠다는 사람에게 판 것이라고 설명했습니다.김 전 의원은 오늘(8일) CBS 라디오 '김현정의 뉴스쇼'와의 인터뷰에서 사저 매각 과정에 대해 설명했습니다.김 전 의원에 따르면 고 이희호 여사는 별세 전 '서울시가 사저를 기념관으로 만들어줄 것이다. 박원순 시장과 얘기가 다 됐다'는 내용의 유언장을 남겼습니다.하지만 이 여사가 별세한 2019년 당시 박원순 서울시장에게 물어보니 '처음 들었다'는 답이 돌아왔고, 유언장 내용을 법적으로 확인하는 절차도 거치지 않아 유언장이 법적으로 무효가 됐습니다.이에 따라 이 여사의 유일한 친자인 김 전 의원에게 사저가 자동 상속됐고, 17억원 넘는 상속세가 부과됐습니다.김 전 의원은 이를 5년에 나눠서 내겠다고 했지만, 국세청이 근저당을 걸었다는 게 그의 설명입니다.이후에도 김 전 의원은 문화재 지정을 위해 노력했지만 잘 안 됐다고 했습니다.그는 ""문화재 지정 신청을 했지만 '50년이 넘어야 된다'는 규정을 맞추지 못해 바로 거부됐다""며 ""옛날 집을 부수고 새로 지었기 때문에 건물이 오래되지 않았다""고 했습니다.이어 ""서울시에서 '근저당이 걸린 부동산은 손을 댈 수가 없다'는 답변이 오기도 했다""고 덧붙였습니다.김 전 의원이 보유한 재산 등을 감안하면 매각이 성급했다는 지적이 나오는 데 대해서는 ""상속세 외에도 부채가 많이 있다. 제가 돈을 계속 못 낸다고 하면 저는 국세 체납자가 되고 그 집은 경매로 넘어간다""며 ""제가 돈을 마련해 제 명의를 유지한다고 해도 드나드는 사람 없이 집은 점점 폐가가 돼 의미가 없다""고 말했습니다.DJ 사저를 매입한 것으로 알려진 커피 프랜차이즈 업체 대표가 비난을 받는 데 대해 김 전 의원은 ""그분은 동교동 집 건물을 부수거나 카페로 만들거나 이럴 생각이 전혀 없다""며 ""그 건물을 새로 단장해 두 분 어른께서 계셨던 공간을 보존해 주겠다는 것이다. 사실상 민간 기념관이 되는 것""이라고 밝혔습니다.정치권에서 DJ 사저 매각을 둘러싸고 비판과 함께 여러 대책이 나오는 것과 관련해 김 전 의원은 ""권노갑 김대중재단 이사장은 간단히 말씀드리니 '알아서 잘 정리하라'고 말씀하셨다""며 ""다른 분들도 다 알고 계셨지만 저한테 연락해 어떤 의견을 주신 분은 한 분도 없다""고 했습니다.그러면서 ""문화재 지정을 말씀하시는데 최소한 내용을 제일 잘 아는 저나 새로 매입하신 분에게 접촉해야 해결책을 찾을 수 있는 것 아니겠냐""며 ""전 재산을 내놓겠다는 박지원 의원도 저나 매입자와 상의를 안 하신 상황이어서 어리둥절하다""고 말했습니다.김 전 의원은 ""공공 차원에서 기념관이 만들어지기를 바라셨던 게 부모님 생각이셨는데 그렇게 안 된 부분에 있어서는 정말 죄송하다""며 ""제가 무능해서 그랬다고 비난하셔도 저는 드릴 말씀이 없지만 차선의 결과는 만든 것이다. 최악의 결과는 아니다""라고 강조했습니다.",https://n.news.naver.com/mnews/article/437/0000405296,100
"한동훈, 이번엔 ""금투세는 부자세금 아니다""…연일 폐지론 부채질",2024.08.08. 오전 11:58,"韓 ""취약계층 전기요금 1만5000원 추가지원""…재정 이유로 반대하던 추경호, 최고위 불참한동훈 국민의힘 대표가 ""더불어민주당의 프레임인 '금융투자소득세는 부자 세금이다'라는 말조차 맞지 않다""고 주장하며 금투세 폐지를 재차 주장했다. 금투세는 주식 등 금융상품 투자로 연 5000만 원 이상의 소득을 올릴 경우 20%(3억 원 초과분은 25%)의 세율로 부과되는 세금으로 2025년 1월 시행을 앞두고 있다.한 대표는 8일 오전 서울 여의도 중앙당사에서 열린 최고위원회의 모두발언에서 ""진성준 정책위의장을 비롯해 민주당은 금투세 관련해서 이런 프레임을 내고 있다. '부자들에 대한 세금이다', '부자 증세다'""라며 ""저흰 그런 식의 갈라치기에 동의하지 않지만 조금 더 정교하게 들어가보면 이 말도 틀리다""라고 말했다.한 대표는 그 근거로 ""주식시장에서 진짜 '찐부자'들이 투자하는 방식은 사모펀드""라며 ""현재 사모펀드 환매에 따른 이익은 배당소득으로 과세돼 종합과세 방식으로 최대 49.5%를 과세받게 된다. 그런데 금투세가 강행되면 이 사모펀드에 대한 이익도 역시 금투세 대상이 돼 세율은 최대 27.5%가 된다""는 점을 들었다. ""지금보다 거의 반으로 이 (사모펀드 수익) 세액 자체가 줄어드는 상황""이라는 주장이다.한 대표는 ""(금투세가) 과연 부자들에게 증세하는 것은 맞느냐""라며 다만 ""물론 본질적으로는 그게 부자 세금인지 아닌지를 떠나서 세금으로 인해서 주식시장 큰손들이 이탈하게 될 가능성이 높고, 그것으로 인해 1400만 개미 투자자들만 피해를 볼 것이라는 점(이 문제)""라고 부연했다.한 대표는 민주당과의 금투세 정책토론과 관련해서도 ""실망스럽고 놀랍게도 민주당에서 본인들이 하셨던 토론 제의를 없애고 그냥 국민들 보시기에 도망가셨다 할 수밖에 없는 상황을 만들었다""며 ""민주당이 원하는 시간에 원하는 장소에서 원하는 토론자로 금투세 문제에 대해서 민생토론 하자는 말을 다시 한번 제안한다""고 했다.한편 이날 한 대표는 폭염대책의 일환으로 ""에너지 취약계층 130만 가구를 대상으로 전기요금 1만5000원을 추가 지원하겠다""고 밝혔다. 전기료 감면 의제에 이견을 보였던 추경호 원내대표는 이날 최고위원회의에 불참했다.한 대표는 앞서 지난 5일 최고위에서 본인이 제기한 취약계층 전기료 감면 정책의 구체적 로드맵을 이같이 밝히며 ""사실상 취약계층의 경우에는 폭서기 동안 전기요금을 제로에 가깝게 지원해드리겠다는 의미""라고 밝혔다. 현재 4인 가구 기준 월 평균 전기요금은 7만6000원 수준인데, 에너지 취약계층의 경우 기존 전기요금 복지할인과 에너지 바우처 등을 통해 6만 원 가량의 지원을 받고 있다는 게 한 대표의 설명이다.한 대표는 추가지원을 위한 재원에 대해선 ""한국전력 적자 가중도 고민했다""면서 ""이번 저희 지원은 기존에 책정된 에너지 바우처 예산의 잔액을 활용하는 방안으로 진행될 것이다. 그렇기 때문에 한전 적자를 가중시킬 위험도 없다""고 설명했다.앞서 지난 5일엔 최고위 비공개 회의에서 한 대표가 전기료 감면 추진을 제안하자, 추경호 원내대표 등 원내지도부가 한전 적자 등 재원 문제를 주 이유로 이견을 표한 것으로 알려졌다. 추 원내대표는 지난 7일 국회 기자간담회 당시에도 ""전기료와 관련해서는 그 동안 한전이 전기 제조원가에 미달하는 요금체계로 적자가 43조 원 났고 부채가 200조를 넘을 정도로 좋지 않다""고 우려를 표한 바 있다.당시 간담회에서 추 원내대표는 전기료 감면 의제와 관련 '한 대표와 원내지도부 간 의견충돌이 있는 것 아닌가' 묻는 질문에 ""우리는 전부 한 팀""이라면서도 ""정부는 국민들 전기료 부담으로 인한 어려움을 조금이나마 덜어드리기 위해서 일반 전기를 사용하는 가구에 대해서도 에너지 캐시백 제를 하고 있고, 취약계층엔 7000억 원에 가까운 전기료 부담 완화 혜택을 제공하고 있다""고 말하는 등 전기료와 관련해선 정부가 이미 상당한 지원을 제공하고 있다는 취지를 강조하기도 했다.한 대표가 전기료 추가 지원 정책을 발표한 이날 회의에 추 원내대표는 개인사정을 이유로 불참했다. 한지아 수석대변인은 최고위 직후 기자 질의응답에서 전기료 감면 의제와 관련한 한 대표와 추 원내대표 간 이견이 있는 게 아닌지 묻자 ""당내 특별한 대립은 없다""며 ""민주적 절차에 의해 토론을 하고 의견을 공유하는 것이지, 원내대표와 당 대표 사이에 의견의 차이가 있거나 하진 않았다""고 일축했다.▲국민의힘 한동훈 대표가 8일 오전 서울 여의도 당사에서 열린 최고위원회의에서 발언하고 있다. ⓒ연합뉴스",https://n.news.naver.com/mnews/article/002/0002344996,100
"이재명, 권총 들고 ""출격 준비 완료""…진종오 ""표적은 어디?""",2024.08.08. 오후 12:23,"이재명 더불어민주당 전 대표 인스타그램이재명 더불어민주당 전 대표 인스타그램2024 파리 올림픽에서 한국 사격 대표팀이 역대 최고 성적을 거둔 가운데, 이재명 더불어민주당 전 대표가 사격 선수 콘셉트의 사진을 공개했다.이 전 대표는 지난 7일 인스타그램에 사격 선수 차림으로 권총을 들고 있는 사진을 여러 장 업로드했다.사진에서 이 전 대표는 체육복을 입고 고글을 쓴 채 권총을 들고 있다.사진과 함께 이 전 대표는 '사격재명' '전당대회' '명사수'와 같은 태그를 달았고 ""출격 준비 완료""라고 작성했다.이 전 대표의 사격 콘셉트 사진에 대해 올림픽 사격 금메달리스트 출신 진종오 국민의힘 의원은 ""방탄국회, 입법독주, 의회장악. 표적은 어디입니까""라고 겨냥했다.한편, 민주당은 오는 18일 전당대회에서 전당대회에서 당 대표 1명과 최고위원 5명을 선출한다. 경기(10일), 대전·세종(11일), 서울(17일)에서의 순회경선을 남겨두고 있다.민주당은 대표·최고위원 경선에서 권리당원 56%, 대의원 14%, 일반 여론조사 30%씩 반영한다.지역 경선마다 발표되는 권리당원 온라인 투표와 달리, 권리당원 ARS 투표와 대의원 온라인 투표, 일반 여론조사 결과 등은 18일 전당대회에서 발표된다.당 안팎에선 전체 권리당원의 약 40%가 몰린 서울·경기 경선이 남아 있지만 이미 80~90%대의 득표율을 기록하고 있는 이 후보의 연임이 사실상 결정됐다는 분석이 나온다.",https://n.news.naver.com/mnews/article/088/0000896992,100
유상임 청문회 ‘자료부족 야당 지적’ 에 시작부터 잡음,2024.08.08. 오후 12:03,"유상임(오른쪽) 과학기술정보통신부 장관 후보자가 8일 오전 국회 과학기술정보방송통신위원회 회의장에서 인사청문회가 시작되기 전 관계자와 대화하고 있다.   곽성호 기자野반발 예정보다 20분 밀려자녀 병역기피 의혹 등 검증국힘“범죄자 취급하면 안돼”유상임 과학기술정보통신부 장관 후보자 인사청문회가 자녀의 병역기피 의혹 등과 관련한 자료 제출 미비로 파행 위기를 겪다 우여곡절 끝에 시작됐다. 유 후보자는 자녀 위장전입 의혹에 대해 “송구스럽다”면서도 “(자녀들이) 학교생활 적응에 어려움이 있었다”고 밝혔다.국회 과학기술정보방송통신위원회는 8일 오전 예정보다 20분 늦게 인사청문회를 시작했다. 유 후보자가 이날 인사청문회 10분 전 추가 자료 제출을 한 것을 두고 야당이 인사청문회를 연기해야 한다고 하면서 개의가 늦어졌다. 김현 더불어민주당 의원은 “오늘 같은 일이 발생하게 된 점은 인사청문회를 무력화 또는 인사청문회 자료를 제출하지 않아도 인사청문회 기간만 버티면 된다는 윤석열 정부의 가이드라인 때문이라고 생각한다”고 주장했다.이에 최수진 국민의힘 의원은 “(자료를) 요구하는 것은 당연한 국회의 권리라고 생각한다”면서도 “(자료 제출 문제를 들어) 범죄자 취급하는 것은 맞지 않는다고 생각한다”고 반박했다. 최민희 과방위원장은 “범죄자 취급한 분 한 분도 없다”며 “(최 의원은) 범죄자라는 말을 취소하라”고 했다. 설전이 이어지자 최 의원은 “(범죄자라는 말을) 취소하겠다”며 물러섰다.야당은 이날 유 후보자의 자녀 위장전입 의혹을 집중적으로 파고들었다. 고교 진학을 앞두고 장·차남의 주소지를 강남 8학군으로 왜 옮겼느냐는 이훈기 민주당 의원 질의에 유 후보자는 “미국과 일본 등 해외생활로 장남이 사실 (학교생활) 적응에 상당히 어려움이 있었다”며 “둘째도 한국에서 적응 문제가 있어서 전학을 시킬 수밖에 없는 그런 상황이었다”고 답했다. 그러면서 “좋은 학교를 보낸다는 목적은 아니었고, 단지 환경을 바꿔야 해서 이런 문제가 일어났다”면서도 위장전입 의혹에 사과했다.민주당은 병역기피 의혹도 문제 삼고 있다. 유 후보자 장남은 병무청으로부터 국외여행허가의무 위반 통보를 받은 후 병역검사를 받았다. 이후 한 차례 재검사를 거쳐 질병을 이유로 현역면제(5급 전시근로역) 판정이 내려졌다.",https://n.news.naver.com/mnews/article/021/0002653273,100
"여야, 8월 국회서 비쟁점 법안 처리 합의…여야정 협의체는 이견",2024.08.08. 오후 1:34,"여야 원내수석부대표 비공개 회동간호법·구하라법 등 비쟁점 민생 법안 처리 공감여야정 협의체는 전제조건 놓고 이견[서울=뉴시스] 고승민 기자 = 박성준 더불어민주당 원내수석부대표와 배준영 국민의힘 원내수석부대표가 8일 서울 여의도 국회에서 민생 여야정 협의체 구성 관련 회동을 하고 있다. 2024.08.08. kkssmm99@newsis.com[서울=뉴시스]정금민 신재현 한재혁 기자 = 여야가 간호법과 구하라법 등 의견 차가 작은 민생 법안을 8월 국회서 조속히 처리하자는 데 뜻을 모았다. 다만 강 대 강 여야 대치 정국을 돌파할 계기로 기대를 모았던 여야정 협의체 구성 협의는 사실상 빈손으로 끝났다.국민의힘은 여야정 협의체를 조건 없이 구성해 민생 법안 처리에 속도를 내야 한다는 입장인 반면, 민주당은 자신들이 제안한 영수회담이 우선이라며 온도차를 보였다.배준영 국민의힘 원내수석부대표는 이날 서울 여의도 국회에서 열린 여야 원내수석부대표 간 비공개 회동 이후 취재진과 만나 ""8월 중 얼마 남지 않은 본회의 중에서라도 쟁점이 없고 꼭 필요한 민생법은 처리하기로 뜻을 모았다""고 말했다.박성준 더불어민주당 원내수석부대표도 ""구하라법이나 간호법의 경우 지금 국민의힘에서 적극적으로 나서고 있고 충분히 여야 합의 처리할 수 있다""며 ""전세사기특별법은 조금 쟁점이 남은 게 있어 조정할 필요가 있다""고 설명했다.다만 여야정 민생 협의체 구성에 대해서는 의견 합치를 이루지 못했다. 비공개 회동 과정에서도 양측은 언성을 높여가며 이견을 드러낸 것으로 전해졌다. 회의장 밖으로 두 원내수석부대표의 고성이 흘러나오기까지 했다.배 원내수석부대표는 ""국회가 개원한 지 두 달이 넘었는데도 손에 잡히는 결과가 없어서 쟁점 법안 등을 제외하고 여야가 별 무리없이 통과시킬 수 있는 것은 여야정실무협의체를 통해 통과시키자고 제안했다""며 ""그럼에도 불구하고 민주당에서는 여야정 협의체에 대해 다른 생각을 하는 것 같다""고 주장했다.박 원내수석부대표도 ""여야정 협의체와 관련한 전제 조건은 대통령이 국정기조를 전환하고 국가 위기 극복에 있어 리더십을 발휘해야 한다는 점""이라며 ""여야 영수회담을 해보고 그런 가운데 대통령이 참여하는 (상황에서) 원내대표도 (협상에) 초대하는 것""이라고 강조했다.민주당이 당론으로 발의해 국회 본회의를 통과한 '전 국민 25만원 지원법'(2024년 민생위기 극복을 위한 특별조치법안)을 두고도 양측은 대립했다.박 원내수석부대표는 ""추석이 오기 전에 새로운 마중물 역할을 할 수 있는 자금 선순환 구조가 필요해서 민생회복지원금 법을 발의했다""며 ""정부 여당이 이에 걸맞은 민생 회복 관련 법안을 만드는 모습이 없는 상태에서 이 법에 거부권을 행사한다면 진정성이 있겠는가""라고 지적했다.배 원내수석부대표는 ""저희는 이 법을 현금살포법이라고 부른다""라며 ""소비는 진작하더라도 결국 물가를 올릴 것이고 (법 내용에) 위헌적 요소도 있다""고 맞받았다.",https://n.news.naver.com/mnews/article/003/0012717579,100
"[일문일답]이복현 ""두산, 정정신고서 부족시 횟수 제한없이 정정요구""",2024.08.08. 오후 1:45,"8일 자산운용사 CEO 간담회 후 백브리핑""주주의사결정 필요정보 충분해야""선도 대기업 밸류업 공시 참여도 독려이복현 금융감독원장이 8일 서울 여의도 금융투자협회에서 열린 '금융감독원장-자산운용사 CEO 간담회'에 참석해 모두발언 하고 있다. 사진=강진형 기자aymsdream@이복현 금융감독원장이 8일 밸류업(기업가치 제고) 행보에 역행한다는 비판을 받은 두산그룹에 대해 ""정정신고서에 부족함이 있다면 횟수 제한 없이 정정 요구를 하겠다""고 밝혔다.이복현 원장은 이날 오전 서울 여의도 금융투자협회에서 열린 자산운용사 최고경영자(CEO) 간담회가 끝난 후 백브리핑에서 ""(두산로보틱스로부터) 정정신고서를 제출받았다""며 ""기본 원칙은 최초 증권신고서 제출 시 부족했다고 생각한 부분 즉, 구조개편의 효과와 의사결정 과정, 위험 등에 대해 주주 의사결정에 필요한 정보가 기재됐는지 보는 것""이라고 설명했다.이날 오전 간담회에는 23개 자산운용사 CEO가 참석했다. 이 원장은 운용사들에 정부의 밸류업(기업가치 제고) 정책에 발맞춰 적극적으로 '스튜어드십 코드'를 의결권을 행사해달라고 촉구했다. 자산운용사들도 의결권 행사 과정에서의 현실적 어려움과 제도적 미비점 보완 필요성을 당국에 전했다. 아울러 최근 소액주주 이익 보호가 실패한 사례 등에 대해서도 언급했다.다음은 이복현 원장과의 일문일답이다.-두산과 SK그룹의 계열사 합병을 두고 소액주주 불만이 크다. 그릇된 관행이라고 보는가▲답변을 드리기 전에 상장 기업 CEO 또는 대주주 분들에게 간곡히 부탁 말씀을 두 가지 측면에서 드리고자 한다. 첫 번째는 거래소 중심으로 진행되는 밸류업 프로그램 자율 공시와 관련, 산업을 리드하는 기업이 적극적으로 그 필요성을 인식해달라. 정부 당국은 규제적 방법으로 기업 해위를 유도하기보다는 자율적이고 세제 혜택 등을 통해 자본시장 선진화를 이루고자 한다. 입법이나 정책 제안이 난무하는 상황에서 기업들이 시대적 필요성에 공감해주시고 우리나라 대표 기업이라 할 수 있는 대기업, 선도 중견기업들이 참여를 해주심으로써 기업들이 국민, 일반 주주와 함께 호흡한다는 신뢰를 주실 필요가 있다고 생각한다.두번째는 CEO와 대주주 레벨에서 주주 소통을 원활히 해달라는 것이다. 지금 많은 해외 투자자, 일반 국민, 기관 투자자들이 갖는 불만은 실무 레벨 형태에서 IR이 진행된다는 것이다. 엔비디아, 애플, 테슬라 등 대기업에서 CEO 등이 적극적으로 회사 가치나 미래 성장전략을 시장과 공유함으로써 믿음을 준다. 우리도 그런 소통만 있었다면 우리 선도 기업들도 훨씬 오해가 많이 불식될 수 있을 것이다.두산 지배구조 개편의 효과, 의사결정 과정, 그로 인한 위험 등에 대해서 주주가 주주권 행사 여부를 포함한 다양한 의사결정에 필요한 청보가 충분히 기재됐는지 서두르지 않고 보겠다는 게 기본 입장이다. 지금 검토 중이지만 조금이라도 부족함 있다면 횟수 제한 두지 않고 지속 정정 요구하겠다는 게 감독원의 합의된 입장이다. 주주 보호와 기업가치 제고의 방향성은 크게 다르지 않을 수 있다고 생각한다. 기업가치 제고를 위해서는 주주 이익을 고려하는 문화적 관행적 개선이 필요하다.-자본시장 선진화를 위한 페널티 취지로 언급됐던 좀비기업의 거래소 퇴출 기준은▲거래소와 상장 유지 기준, 상장 퇴출 기준을 엄격하게 하고 그 절차를 신속하게 진행하는 방안을 논의 중이다. 시가총액이 상장 시보다 현저하게 떨어지거나 거래가 거의 이뤄지지 않는 좀비 기업의 경우 일반 주주들이 빠져나갈 수단이 없는 셈이고, 상장제도의 좋은 면만 취하고 책임이 없는 이런 기업을 계속 유지하는 게 맞는지 고민하고 있다. 거래소 시장제도 개편을 포함한 여러 사안을 함께 논의하는 게 바람직하다고 생각한다. 김(병환) 위원장님과 잘 상의해서 그런 문제의식을 어떻게 구현할지 논의의 장을 만들어보겠다.이복현 금융감독원장이 8일 서울 여의도 금융투자협회에서 열린 '금융감독원장-자산운용사 CEO 간담회'에 참석해 모두발언 하고 있다. 사진=강진형 기자aymsdream@-내년 1월 시행 예정인 금융투자소득세(금투세)에 대해서는▲(투자수익과 배당소득이) 이자수익과 같은 성격으로 취급하는 게 맞는지에 대한 문제 제기가 있다. 금투세로 20% 세율을 부담하지만, 집합 투자기구는 (분배이익에 대한 세율이) 50%가 적용되는데 이것이 전문가를 믿고 장기 간접투자를 하는 흐름과 맞는가에 대한 문제 제기가 있다.-주가 급락 상황인데 금융당국이 현 사태를 어떻게 보고 어떤 방향으로 해결 모색할지▲이미 부총리와 금융위원장께서 같은 주제로 여러 번 말씀하셨어서 반복적이긴 하지만 중요한 주제이기 때문에 굳이 말씀드린다. 지금 주가 급락은 과거 위기 상황에 비추어 환율, 자금시장, 실물 경제의 급격한 다운턴(하락전환)과 병행되지 않아 이례적인 현상으로 보고 있다. 과거 펀더멘털 문제가 있었던 시기보다는 수급, 심리적 측면이 강하지 않나 싶다. 정책 수단 보유와 관련해서는 단기 수급 관련 2022년 7월, 2020년에도 그렇고 정책 수단을 몇 가지 쓴 게 있다. 그런 것들에 대해 저희가 잘 준비하고 있다. 한국 시장의 취약점을 개선하기 위해 금투세 문제, 밸류업 프로그램 등 제도적 측면을 속도감 있게 (추진)하겠다.-전날 미국 현지 대체거래소(ATS) 블루오션의 주간(데이마켓) 주식 체결 취소 통보한 것 관련 사전에 금감원 지도 사항이 있었는지▲(한국) 증권사들에 대해 단일 경로가 아닌 복수의 경로로 주문할 수 있도록 지도해왔다. 다만 이건 같은 경우 워낙 많은 주문이 특정 시기에 몰렸기 때문에 기술적으로 그런 문제가 발생한 것 아닌가 짐작하지만, 기술적인 부분은 좀 더 확인해야 한다. 그럼에도 불구하고 취득할 수 있는 이익을 실현하지 못하는 등 손익 발생 여부를 따져봐야 하지만 개인의 자율적 투자의사 결정이 침해된 것만으로도 (증권사에) 책임이 있지 않나 생각한다. 원인 관계를 밝히고 증권사에 책임이 있다면 자율 조정을 통해 해결토록 하겠다.",https://n.news.naver.com/mnews/article/277/0005456804,101
"한경협 ""노조법 개정안, 위헌 우려 크다...전면재고 필요""",2024.08.08. 오전 6:00,"[서울=뉴시스] 조성봉 기자 = 1일 오후 서울 여의도 국회 본청 계단에서 열린 '우리 기업 다 죽는다! 노조법 개정 결사 반대!' 집회에서 경제 6단체 및 경제단체협의회 참석자들이 구호를 외치고 있다. 2024.08.01. suncho21@newsis.com /사진=조성봉최근 국회 본회의를 통과한 노조법 개정안이 위헌 소지가 있다는 재계의 주장이 나왔다.한국경제인협회(한경협)는 차진아 고려대 법학전문대학원 교수에게 의뢰한 '노조법 개정안의 위헌성 검토' 연구용역 보고서를 7일 공개하고, 노조법 개정안이 헌법상 보장된 기본권을 침해하고 폭력·파괴행위 등 노조의 불법행위를 사실상 정당화할 우려가 있다고 주장했다.우선 한경협은 ""개정안은 사용자의 개념을 근로계약 체결의 당사자를 넘어 근로자의 근로조건에 대해 '실질적·구체적으로 지배·결정할 수 있는 자'로 확대하고 있다""고 지적했다. 이에 대해 보고서는 ""'근로조건의 실질적·구체적 지배·결정'에 대한 판단 기준이 불명확해 사용자의 범위가 지나치게 확대될 수 있다""며 ""이 경우 사전에 특정할 수 없는 다수의 사용자들이 노조법상 의무 위반에 따른 형사처벌의 대상이 될 수 있어 헌법상 죄형법정주의 원칙에 위배된다""고 설명했다.또, 보고서는 사용자 범위 확대로 하청근로자와 직접 근로계약 관계가 아닌 원청사용자와 하청노조 간 단체교섭이 가능해져, 하청사용자의 독립성과 경영권이 과도하게 침해되고 노사관계 질서가 훼손된다고 주장했다.노동쟁의 개념이 '근로조건의 결정'에 관한 분쟁에서 '근로조건'에 관한 분쟁으로 확대될 경우, 구조조정·경영상 해고 등 사용자의 경영권 본질에 속하는 사항에 대해서도 쟁의행위가 가능진다는 점도 우려했다.보고서는 영국, 미국 등 주요국들은 사용자 고유의 경영권이나 정치적 사항 등 근로조건의 유지, 개선과 무관한 사항에 대해서는 쟁의행위를 금지하고 있다고 강조했다.미국은 임금 및 근로시간 등 근로조건의 향상을 요구하는 경제적 파업과 사용자의 부당노동행위에 대응하는 파업에 한해 쟁의행위 대상의 정당성을 인정한다. 영국은 쟁의행위의 대상을 임금·근로시간·징계 등 근로조건, 노조 가입자격 및 교섭·협의 기타 절차에 관한 사항 등으로 제한하고 있다. 독일은 임금, 근로시간 등 근로조건 기타 근로자의 경제적 지위 향상을 위한 쟁의행위를 허용하지만, 투자 결정·생산기지 폐쇄 등 사용자 고유의 경영권에 대해서는 쟁의행위를 허용하지 않는다.개정안이 정당한 단체교섭 또는 쟁의행위 뿐만 아니라 '그 밖의 노동조합의 활동'에 대해서도 사용자의 손해배상청구를 제한하도록 규정하고 있는 것과 관련, 보고서는 ""판단 기준이 모호해 헌법상 명확성 원칙(법규범의 내용은 명확해야 한다는 원칙)에 위배된다""고 지적했다. 손해배상청구 제한 범위를 과도하게 확대할 경우, 폭력·파괴행위, 정치파업 등 불법 쟁의행위를 포함한 모든 노조 활동에 따른 손해배상 책임이 면제될 가능성이 있다는 주장이다.보고서를 작성한 차진아 교수는 ""노조법 개정안은 사용자와 근로자 간의 실질적 대등성을 확보하자는 본래 입법 취지와 달리, 노조 측에 기울어진 입법으로 노사 간 힘의 불균형을 야기하여 대립적인 노사관계를 악화시킬 우려가 있다""고 말했다. 이어 ""노조 불법행위의 사실상 정당화, 노사갈등 심화에 따른 사회적 비용 급증 등 개정안이 가져올 부정적 파급효과를 고려할 때, 법안 입법은 전면 재고될 필요가 있다""고 주장했다.",https://n.news.naver.com/mnews/article/008/0005074454,101
엔 캐리 수천억∼수조 달러 규모 추산…여전히 시장 불안 요인,2024.08.08. 오전 10:49,"'거의 공짜로 돈 빌려 투자, 안하면 이상한 일'일본 엔화[연합뉴스 자료사진.재판매 및 DB 금지](서울=연합뉴스) 최윤정 기자 = 엄청난 규모라고 짐작만 될 뿐 정확한 금액도 알 수 없는 엔 캐리 트레이드를 두고 금융시장에선 불안한 시선을 거두지 않고 있다.엔 캐리 트레이드는 지난 수년간 폭발적으로 증가했으며, 규모가 수천억에서 수조달러(수백조에서 수천조원)로 추산된다.캐리 트레이드는 금리가 낮은 지역에서 저렴하게 돈을 빌려서 금리가 더 높은 지역의 고수익 자산에 투자해 차익을 노리는 방식이다.특히 코로나19 이후 지난 3∼4년간 일본이 초저금리를 유지하며 엔 캐리 트레이드가 대유행했다.CNN은 7일(현지시간) 세계 주요국 가운데 일본이 유일하게 거의 공짜로 돈을 빌려줬다고 말했다.그러면서 이자가 거의 없는 엔화 대출을 받아서 미국 국채에 투자해서 5% 이익을 거두는 것은 안 하면 이상한 일 같았다고 덧붙였다.투자자들은 이 밖에도 엔화를 빌려서 엔비디아 등 미국 기술주, 대만 주식, 부동산, 멕시코 페소화 등 신흥시장 통화에 투자한 것으로 알려졌다.블룸버그 칼럼니스트 존 오서스는 빅 테이크 데일리 팟캐스트에서 ""2000년 이후 스탠더드앤드푸어스(S&P)500지수 투자 수익보다 엔화를 빌려서 페소화에 투자한 경우 수익이 더 많았을 것""이라며 ""정말 이상한 일이다""라고 말했다.블룸버그통신은 올해 엔화는 일본 주가지수인 토픽스보다 뉴욕 증시의 필라델피아 반도체 지수와 상관관계가 더 높았다고 말했다.엔 캐리 트레이드 규모는 역대 최대인 것으로 보이지만 아무도 정확히 알지 못한다.전문가들은 헤지펀드, 패밀리 오피스, 민간 자본, 일본 기업까지 엔 캐리 트레이드 주체가 매우 다양하고 폭넓다고 본다고 파이낸셜타임스(FT)가 전했다.UBS 글로벌 전략가 제임스 말콤은 2011년 이후 누적된 달러-엔 캐리 트레이드 규모가 5천억달러에 달하고, 이 중 절반이 지난 2∼3년간 추가됐다고 추산했다.그는 지난 몇 주간 이중 약 2천억달러어치가 청산됐으며, 이는 예상 청산 규모의 4분의 3에 달한다고 말했다.일본 고위 관리는 ""최근 몇 년간 캐리 트레이드가 비이성적으로 많이 이용됐기 때문에 언젠가는 크게 청산될 수밖에 없다""고 말했다.국제결제은행(BIS)에 따르면 국경 간 엔화 대출은 2021년 말 이후 7천420억달러 증가해서 1조달러에 달했다. 다만, 모두 캐리 트레이드인 것은 아니다.ING은행 분석에 따르면 일본에서 발생한 국경 간 대출은 3월 기준 157조엔으로 3년 전에 비해 21% 늘었다.블룸버그통신은 넓은 의미에서 일본 정부 전체가 거대한 캐리 트레이드에 관여했다고 볼 수 있다고 말했다.일본 정부는 매우 낮은 실질 금리로 자금을 조달해서 외국 자산에 투자해 높은 수익을 거두고 있다는 것이다.주요 공적연금 자산을 관리·운용하는 연금적립금관리운용독립행정법인(GPIF)은 자금 약 절반을 외국 주식과 채권에 할당했다.다만 엔 캐리 트레이드는 엔화 가치가 급등하지 않는다는 전망이 전제가 된다.빌라노바 경영대학원의 존 세두노프 교수는 ""위험이 없는 것은 아니므로 진정한 차익거래는 아니다""라며 ""환율이 유리하게 작용해야 한다""고 말했다.이 때문에 일본은행이 금리 인상을 단행하고 추가 인상을 예고하자 엔 캐리 트레이드에 관한 우려가 급격히 확대됐고, 이는 글로벌 금융시장을 요동치게 했다.엔화 대출을 갚기 위해 투자를 회수하는 엔 캐리 트레이드 청산이 실제 일부 이뤄진 것으로 추정된다.투자자들이 황급히 캐리 트레이드를 청산할 경우 금융시장에 대혼란이 벌어질 수도 있다.FT는 일부 전문가들은 캐리 트레이드가 사용된 더 투기적인 거래는 대부분 청산됐을 것으로 본다고 말했다.다른 한편에선 헤지펀드에 이어 다른 투자자들이 처분에 나서면서 더 많은 거래가 청산될 수 있다고 생각한다고 덧붙였다.JP모건의 통화 전략가 벤저민 샤틸은 ""투기적 거래를 위한 자금을 조달하는 데 쓰이던 엔 캐리 트레이드 중 일부가 완전히 사라진 느낌""이라며 ""아직 갈 길이 멀다""고 말했다.시티은행 통화 애널리스트 타가시마 오사무는 ""지금 조정은 시작일 뿐""이라며 현재 달러 대비 140엔대인 환율이 2026년에 129엔으로 내려가며 강세를 이어갈 수 있다고 말했다.merciel@yna.co.kr",https://n.news.naver.com/mnews/article/001/0014862894,101
日 주식 평균 8% 보유한 버핏…추가매수 나설까,2024.08.08. 오후 1:26,"워런 버핏이 최근 일본 시장 혼란을 틈타 일본 주식 추가 매수에 나설 수 있다는 전망이 나왔다.나미오카 히로시 도쿄 소재 T&D 자산운용 수석전략가는 버핏이 최근의 엔화 랠리와 일본 주식 시장 하락으로 보유 주식에서 손실을 봤지만 그가 ""지금까지 가치 투자에 성공했으며 현재 일본 주식 가치 평가를 기회로 보고 있을 것""이라고 말했다.버핏은  월요일까지 약 9,800억엔(67억달러)의 손실을 봤으며 일본 주식 반등세에 따라 수요일 장 마감 시점에는 6,600억엔 달러로 손실이 조금 줄어든 상태다.블룸버그가 집계한 자료에 따르면 버크셔는 마루베니, 이토추, 스미토모, 미쓰이, 미쓰비시 등 종목의 각각 평균 8.2% 지분을 보유하고 있다.버크셔 해서웨이는 2020년 엔화를 차입해 일본 무역 회사 5곳의 지분을 5% 매입했으며 이후 각각 8%로 늘려 현재 총 200억달러의 시장 가치를 보유하고 있다. 버크셔는 통화 위험을 헤지하기 위해 엔화 차입을 선택했다.최근 매도세 속에 마루베니와 미쓰이는 31% 까지도 하락했다. 엔화 강세로 해외 수익이 위축될 수 있다는 우려로 이런 무역 회사 주가가 시장보다 낙폭이 컸다는 분석이다.다만 2014년부터 버크셔 주주총회에 참여하고 있는 미네오 비토 비토 파이낸셜 서비스 CEO는 ""그것들을 더 저렴히 살 수 있다면 그에게는 큰 할인 기회일 것""이라고 말했다.그는 버핏이 ""무역 회사들이 다양한 사업의 대기업이라는 점에서 버크셔와 유사성이 있다는 점을 좋아한다""며 ""현재로서는 그가 보유한 주식을 매각할 것이라고 볼 수 없다""고 덧붙였다.",https://n.news.naver.com/mnews/article/215/0001174458,101
"박찬대 ""정치 실종, 尹 리더십이 근본 원인…영수회담 나서라""",2024.08.08. 오후 12:01,"민주당 박찬대 원내대표 취임 100일 기자간담회여야 대립 격화 상황에 ""송구""라면서도 정부·여당에 탓 돌려""영수회담 먼저, 대통령 함께 해줘야 위기 극복 가능""금투세 논란엔 ""한동훈의 남탓하기 습관"" 비난채상병 특검 '제3자 추천' 협상 가능성은 열어둬더불어민주당 박찬대 당대표 직무대행 겸 원내대표가 8일 서울 여의도 국회에서 원내대표 취임 100일 기자 간담회를 열고 있다. 윤창원 기자더불어민주당 박찬대 당 대표 직무대행 겸 원내대표가 8일 정치권의 여야 대치 상황에 유감을 표하면서도 ""근본 원인은 막무가내로 밀어붙이는 윤석열 대통령의 리더십""이라고 강조했다.박 직무대행은 이날 오전 취임 100일 기념 기자 간담회에서 ""많은 분들이 정치가 실종되고 대결과 대립이 격화돼 우려한다. 그 우려에 동의하고 송구한 마음""이라면서 이같이 밝혔다.그는 ""지난 100일간 국회는 야당이 발의하면 여당은 '묻지마 반대'하고 국회를 통과한 법안에 대해 대통령은 '묻지마 거부'하고 국회는 다시 재의결하지만 결국 폐기되는 악순환이 반복됐다""며 ""지켜보시는 국민 모두가 답답할 것""이라고 말했다.이어 ""다수결을 통해 정상적인 절차대로 국회를 통과한 법안을 대통령의 입맛에 맞지 않는다고 무조건 거부하는 것은 민주주의가 아니다""라며 ""여당이라도 대통령의 무분별한 거부권 남용을 제어해야 하는데 국민의힘은 권력의 눈치만 보고 있다""고 정부·여당에 탓을 돌렸다.박 직무대행은 ""이런 상황에서 대화나 타협, 협치가 가능하겠느냐""고 지적하면서도 윤 대통령을 향해 ""영수회담을 통해 당면한 국가적 현안과 과제를 진단하고 야당과 힘을 합쳐 위기 극복에 나서겠다는 의지를 보이는 게 어느 때보다 필요한 시기""라며 야당과의 대화에 나서라고 요구했다.대통령과 여야 대표 간 3자 회담에 대해선 부정적인 입장을 보이며 영수회담이 필요하다고 강조했다. 그는 ""국민의힘 원내대표가 재량과 자율권이 얼마나 있는지 생각해보면 국민의힘과 민주당 원내만 가지고선 책임있게 문제를 해결하긴 부족할 것""이라면서 ""영수회담이 함께 해주고 대통령이 함께해줘야 위기 극복을 위한 권한과 실질적인 힘이 나올 수 있다""고 설명했다.최근 금융투자소득세(금투세) 시행을 둘러싼 논란에 관해선 ""민주당 내 다양한 의견을 경청하고 있다""며 ""원내에서 입장을 모아 정리해 발표할 때가 있을 것""이라며 말을 아꼈다. 국민의힘 한동훈 대표가 제안한 금투세 관련 여야 토론에 대해선 ""주식시장이 폭락하니 금투세로 (원인을) 돌리는 건 전형적인 한 대표의 '남탓하기' 습관, '동문서답'""이라고 한 대표를 비판했다.이날 민주당이 3차 재발의에 나서는 '채상병 특검법'에 대해서는 ""이번엔 대통령이나 국민의힘이 반대하지 말고 수용하길 촉구한다""며 ""민주당의 특검법안이 마음에 들지 않는다면 한 대표도 자신이 생각하는 특검법안을 내놓길 바란다""고 촉구했다.다만 특검 '제3자 추천' 방식과 관련 ""어차피 특검법은 상임위에서 통합 심의된다""며 ""저희는 강한 특검법을 내놓고 '제3자 특검'에 대한 국민의힘의 의견을 볼 것""이라고 여당과의 협상 가능성을 열어놓기도 했다. 한 대표는 지난 국민의힘 당 대표 경선과정에서 대법원장 등 제3자가 특검을 추천하는 특검법안을 언급했다.※CBS노컷뉴스는 여러분의 제보로 함께 세상을 바꿉니다. 각종 비리와 부당대우, 사건사고와 미담 등 모든 얘깃거리를 알려주세요.이메일 :jebo@cbs.co.kr카카오톡 :@노컷뉴스사이트 :https://url.kr/b71afn",https://n.news.naver.com/mnews/article/079/0003926030,100
"민주당 ""티메프 사태, 사회적 재난…카드사도 피해 복구 동참해야""",2024.08.08. 오후 12:58,"민병덕 의원 ""PG 라이선스 보유한 티메프 관리감독 실패 금감원장 사퇴하라”“티메프 정산주기 법제화, 온플법 반대한 공정거래위원장 사퇴하라”◆…서울 강남구 티몬 본사. 사진=연합뉴스더불어민주당 민병덕 의원은 ""티메프 사태는 사회적재난""이라 규정하고 티메프에서 매월 150억원 이상의 수익을 얻은 신용카드사는 피해 복구에 동참할 것을 촉구했다.8일 국회소통관 기자회견에서 민주당 민병덕 전국소상공인위원장은 ""카드사, 티메프, PG사로 들어오는 모든 환불 요청을 직접 단독으로 처리하고 있다. 고객이 보낸 구매내역 캡쳐 화면과 티메프에서 보낸 정보를 하나하나 비교하고 있기에 환불 과정이 늦어지고 있다""고 지적했다.민 위원장에 의하면 중소 온라인 가맹점의 경우 가맹점이 되고자 하는 사업자에 대한 심사 및 해당 상품에 대한 심사는 9개 카드사가 각각 진행한다. 가맹점 99% 이상은 보증보험에 가입해야 한다. 따라서 가맹점 파산으로 소비자 피해가 생기면 PG사가 소비자에게 보상하고 PG사는 보증보험에서 환불 보상금을 받는다.◆…중소 온라인 가맹점 결제/정산 프로세스. 자료=민병덕 의원실 제공대형 플랫폼의 경우 거래금액이 너무 커서 보증보험 가입이 현재 불가능하다. PG사는 결제대행 및 판매자 정산 업무를 수행하며 PG수수료를 받는데 PG수수료는 카드사가 수취하는 수수료의 9% 수준이다. 대형 플랫폼은 판매자에게 지급해야 할 정산금을 PG사에 맡겨둔 셈이기에 해당 정산금을 유용할 수 없는 구조이다.티메프는 스스로 금융당국에 PG사로 등록하고 판매사 정산 기능을 직접 수행한다. 이 때 PG사는 결제대행 업무만 수행하는 수수료를 제외한 모든 결제금액은 티메프로 전달된다.민 위원장은 ""티메프는 수시로 PG사를 교체하거나 거래조건을 바꾸며 수수료 할인을 압박했고 티메프 PG수수료는 카드수수료의 1% 수준까지 낮아지거나 심지어 장기간 역마진이 발생하기도 했다""고 설명했다.이어 ""워낙 큰 거래 금액을 보유한 티메프의 갑질에도 PG사들은 대응할 수 없었다. 결국 티메프는 판매정산금을 유용했고 구매자/판매사 모두 피해를 입는 상황이 발생했다""고 지적했다.◆…일반 대형플랫폼 결제/정산 프로세스. 자료=민병덕 의원실 제공민 한위원장은 ""PG사들이 자본금을 까먹으며 소비자 피해를 보상하고 있고 티메프 입점 판매사 보상은 누구도 책임지지 않는 현 상황은 '사회적 재난'""이라고 규정한 뒤, ""온라인쇼핑 시장이 급격하게 성장했지만 금융/공정 당국의 관리 능력은 뒤쳐지고 온플법 등의 법적 규율 역시 시장을 따라가지 못했다""고 비판했다.그러면서 ""수익에 비례해서 책임도 공동으로 나누는 것이 상식""이라며 ""이번 티메프 보상에 카드사들도 동참해야 한다. 이를 위한 논의를 주도하겠다""고 강조했다.이와 함께 티몬·위메프 경영이행실적 보고서를 분기별로 받아보고도 아무런 조치를 하지 않은 금융감독원장과 공정거래위원장의 사퇴를 촉구했다.◆…더불어민주당 민병덕 의원. 사진=의원실 제공",https://n.news.naver.com/mnews/article/123/0002339990,101
'전기차 포비아' 확산…차량용 반도체 수요도 영향 받을까?,2024.08.08. 오후 1:29,"반도체 업계, 고객 확보 지연 등 타격 우려미래 먹거리 '자율주행차' 개화도 밀릴 가능성""단기적 영향 있어…큰 흐름상 투자는 이어져야""[인천=뉴시스] 김동영 기자 = 경찰과 소방 등 유관기관 관계자들이 2일 오전 인천 서구 청라동 아파트 지하주차장에서 불이 난 차량을 감식 하고 있다. 전날 오전 6시15분께 해당 아파트 지하 1층에서 벤츠 전기차에 불이 나 8시간 20분 만에 진화됐다. 이 화재로 지하주차장에 있던 차량 140여대로 피해를 입었다. 소방당국은 40여대는 불에 탔고 100여대는 그을림 피해 등을 입은 것으로 보고 있다. (공동취재) 2024.08.02. photo@newsis.com[서울=뉴시스]이지용 기자 = 최근 대형 전기차 화재로 전 사회적으로 전기차를 기피하는 '포비아(공포)' 현상이 확산되는 가운데 반도체 업체들까지 타격을 입을 지 업계의 시선이 쏠린다.전기차는 일반 차량보다 5배 이상 많은 차량용 반도체가 필요해 반도체 업체들이 힘을 쏟는 분야다. 하지만 이번 포비아 현상으로 전기차 캐즘(일시적 수요 둔화) 탈출이 늦어질 경우 고객사 확보는 물론 차세대 '자율주행차'용 반도체 공급까지 차질을 빚을 수 있다.8일 업계에 따르면 최근 인천 서구 청라동 아파트 지하 주차장에 주차된 메르세데스-벤츠(벤츠) 전기차에서 화재가 발생했다. 3일간 차량 운행이 없었는데 아직까지 정확한 화재 원인은 밝혀지지 않고 있다.지난 6일에는 충남 금산군의 한 주차타워 1층에서 주차 중이던 기아 전기차에서 불이 나기도 했다.전국에서 이 같은 전기차 화재 사고가 잇따르며 전기차 화재 공포가 확산되고 있다. 소비자들이 전기차 구매를 포기하는 움직임을 보이며 전기차 업계 전반에 악재로 작용할 수 있다는 관측까지 나온다.일부에서는 차량용 반도체를 차세대 사업으로 추진하는 반도체 업체들이 연쇄적으로 부정적 영향을 받을 수 있다는 우려도 커진다.삼성전자는 내년부터 차량용 분야에서 화합물 반도체의 일종인 8인치 GaN 화합물 전력 반도체의 파운드리를 시작하겠다고 공표한 상태다. 화합물 전력 반도체는 전기차에 탑재되며 전력을 변환하는 핵심 부품이다.SK하이닉스도 파운드리 자회사인 SK키파운드리를 통해 내년까지 8인치 GaN 화합물 전력 반도체를 개발할 것으로 알려졌다.차량용 반도체는 당장 이들 업체의 사업 포트폴리오에서 큰 부분을 차지하진 않지만 성장성이 유망해 투자가 확대되고 있다. 내연기관 차량에는 반도체가 평균 200개가 들어가지만 전기차는 1000개의 반도체가 탑재되는 만큼 수익성이 크기 때문이다.업계에서는 전기차 시장 침체가 이어질수록 반도체 업계의 차세대 먹거리인 '자율주행차' 시장 개화도 후순위로 밀릴 것으로 본다. 전기차 시장이 안정된 후에야 자율주행차 수요가 생길 것이라는 평가다.삼성전자는 SAIT(옛 삼성종합기술원)을 통해 자율주행 등 차량용 AI 칩 개발에 집중하는 것으로 알려졌다.김용석 성균관대 전기전자공학부 교수는 ""잇단 전기차 화재로 반도체 업체들의 차량용 반도체 수요도 단기적 영향을 받을 수 있다""며 ""단 전기차 시장 성장이라는 큰 흐름이 바뀔 정도는 아닌 만큼 차량용 반도체 투자의 큰 방향은 이어질 것""이라고 분석했다.[뮌헨=뉴시스]삼성전자가 5일(현지시간) 독일 뮌헨에서 열리는 'IAA 모빌리티 2023'에 참가해 다양한 차량용 반도체 제품과 솔루션을 공개했다. (사진 = 업체 제공) 2023.9.4. photo@newsis.com  *재판매 및 DB 금지",https://n.news.naver.com/mnews/article/003/0012717565,101
"이복현 ""두산 `로보-밥캣 합병` 정정신고서, 미비점 발견시 횟수 제한 없이 정정 요청할 것""",2024.08.08. 오후 1:20,"이복현 금융감독원장. [사진 신하연 기자]이복현 금융감독원장이 '두산로보틱스-두산밥캣' 합병 건과 관련해 제출된 정정신고서에 대해 조금이라도 미흡한 점이 확인되면 횟수 제한 없이 정정신고서를 요청하겠다는 입장을 밝혔다.이복현 금감원장은 8일 오전 서울 여의도 금투센터에서 자산운용사 최고경영자(CEO) 간담회를 마친 후 기자들과 만난 자리에서 ""최초 증권신고서 제출 시 부족하다고 판단했던 부분, 즉 지배구조 개편 효과나 의사결정 과정, 그로 인한 위험과 주주권 행사 여부 등을 포함해 의사결정에 필요한 다양한 정보들이 담겼는지 보겠다는 것""이라며 이같이 강조했다.이어 ""지금 진행 중이라 단정적으로 말하기는 어렵지만 조금이라도 부족한 점이 확인되면 지속적으로 정정 요청하겠다는 게 당국 내에서도 합의 돼있는 내용""이라고 덧붙였다.두산로보틱스와 두산밥캣 합병을 골자로 한 두산그룹의 사업구조 개편과 관련해 소액주주들은 매년 영업이익 1조 원대를 기록하는 두산밥캣과 적자를 면치 못하는 두산로보틱스가 시가 기준에 따라 합병 비율을 정한 것은 불공정하다고 반발하고 있다.하지만 두산그룹은 6일 제출한 정정신고서에서도 합병 비율을 기존 안대로 추진하기로 한 상황이다.이날 자산운용사 CEO 간담회에 앞선 모두발언에서도 이 원장은 ""여전히 지배주주의 이익만을 우선시하는 기업경영 사례가 반복적으로 발생하고 있어 안타깝다""며 ""정부와 시장참여자들의 진정성 있는 노력에 찬물을 끼얹는 행위로 근절돼야 할 '그릇된 관행'""이라고 강조했다.이 역시 소액주주 반발이 불거진 두산·SK그룹 계열사의 합병 사례를 염두에 둔 발언으로 해석된다.CEO 또는 대주주가 일반주주와의 소통 노력을 기울일 것을 다시 한번 압박하기도 했다.이 원장은 ""이 자리를 빌어 우리 상장기업의 최고경영자(CEO) 또는 대주주들이 한국거래소 중심으로 진행되는 대기업 자율 공시와 관련해 적극적으로 참여 해주기를 부탁드린다""며 ""또 CEO나 대주주 차원에서 일반주주와의 소통을 더 원활히 해달라""고 당부했다.그는 ""비교해보자면 엔비디아, 애플, 테슬라 등 글로벌 대기업들은 CEO가 적극적으로 나서 회사의 가치나 향후 미래 성장 전략들을 시장과 공유함으로써, 설령 배당이 없더라도 미배당 자원이 충분히 주주들에게 이익으로 귀속될 수 있다는 믿음을 주는 형태로 소통을 하고 있다""며 ""반면 국내 대기업과 상장사는 CEO 내지 대주주 차원에서 소통이 많이 부족하다는 것이 해외 투자자나 국내 일반 투자자들이 갖고 있는 인식""이라고 지적했다.",https://n.news.naver.com/mnews/article/029/0002893849,101
"큐텐, 판매 대금은 안 주고 서버 이용료는 청구했다",2024.08.08. 오후 1:28,"위메프·티몬 미정산 사태에 대한 현안질의가 30일 서울 여의도 국회 정무위원회에서 열렸다. 구영배 큐텐 대표가 질의에 답하고 있다. 이동근기자 foto@etnews.com큐텐 계열 e커머스 업체들이 셀러에게 여전히 플랫폼 이용료를 청구하고 있는 것으로 나타났다. 대규모 미정산 사태로 고통받고 있는 셀러들을 두 번 울리고 있다는 지적이다.8일 업계에 따르면 인터파크쇼핑, AK몰 등에 입점한 셀러들은 최근 플랫폼 이용료를 청구받았다. 매달 청구되는 서버 이용료, 상품 등록 유지비 등이다.셀러들은 매달 플랫폼 이용료 명목으로 일정 금액이 정산금에서 차감된다. 정산 업무가 사실상 마비된 상황에서 비용 청구 업무만 정상적으로 운영하는 행태에 대해 셀러들 사이에서 불만의 목소리가 나온다.티몬·위메프 셀러들은 그동안 광고비와 서버이용료 등을 청구받아 왔다. 티몬·위메프의 판매대금 정산 주기는 최대 70일에 달하지만, 광고비·서버이용료 청구는 매달 청구된다. 대규모 미정산 사태가 촉발된 5월 판매분의 광고비, 서버이용료 등은 이미 지난 6월 정산금에서 차감된 상태다.큐텐은 지난 2년 간 티몬·위메프·인터파크쇼핑 등을 인수하면서 각 플랫폼마다 서버 이용료 정책을 신설했다. 매출액을 구간별로 나눠 서버 이용료를 차등 부과하는 방식이다. 월 매출액 100만원 이상 셀러에게는 최소 9만9000원의 이용료를 청구했다.큐텐은 미정산 사태가 불거지기 시작한 지난달 중순께, 8월부터 위시플러스, 위메프 등의 서버이용료를 최대 3%포인트(P)씩 인상하겠다는 계획을 밝힌 바 있다. 최소 서버 이용료 부과 기준도 월 100만원 이상 셀러에서 30만원 이상 셀러로 낮출 계획이었다. 미정산 사태 이후 셀러들의 반발이 커지자 잠정 연기했다.한 피해 셀러는 “정작 중요한 정산 업무는 제대로 처리하지 못하면서 플랫폼이 청구할 돈은 깔끔하게 계산서를 발행하고 있다”며 “정산 예정일이나 계획에 대한 언급은 일절 없는 상황에서 무책임한 행태”라고 말했다.",https://n.news.naver.com/mnews/article/030/0003230215,101
SK하이닉스 주가 급락하는데···신용등급은 역대 최고,2024.08.08. 오후 1:25,"(SK하이닉스 제공)글로벌 신용 평가사 스탠더드앤드푸어스(S&P)가 7일 SK하이닉스의 기업 신용등급을 ‘BBB-’에서 ‘BBB’로 상향 조정했다. BBB는 S&P가 SK하이닉스에 부여한 신용등급 가운데 역대 가장 높은 등급이다. 전망은 ‘안정적’을 유지했다.S&P는 보고서에서 “SK하이닉스는 메모리 반도체 시장에서 우수한 경쟁 지위를 유지할 것으로 예상된다”며 “높은 수익성과 성장세를 기록 중인 HBM(고대역폭메모리) 시장을 선도하고 있고, 향후에도 우월한 기술력과 제품 경쟁력을 바탕으로 1위 자리를 수성할 것”이라고 밝혔다.이어 “D램과 낸드 시장에서도 견고한 2위를 기록하고 있어 향후 업황이 반등할 경우 실적에 긍정적”이라고 분석했다. S&P는 SK하이닉스의 설비투자에 대해 그 규모가 많이 늘어날 것으로 예상하지만 이미 수주가 확정된 계약 물량에 기반하고 있어 관련 위험은 낮은 수준이라고 평가했다.아울러 S&P는 SK하이닉스가 신중한 재무 정책을 바탕으로 향후 2년간 지속적인 잉여현금흐름을 창출해 차입금 규모를 줄이고 우수한 신용지표를 유지할 것으로 예상했다.다만 S&P는 SK하이닉스의 잠재적인 위험 요인으로 경쟁 심화를 꼽았다. S&P는 “삼성전자가 다양한 노력에도 불구하고 HBM 최대 고객사인 엔비디아와 공급 계약을 체결하는 데 돌파구를 마련하지 못하고 있는 것으로 알려졌다”면서도 삼성전자를 포함한 경쟁사와의 격차가 2026년 중하반기께는 좁혀질 것으로 판단했다.",https://n.news.naver.com/mnews/article/024/0000090839,101
'따릉이 폭주족' 계정 운영자 10대였다…경찰 검거,2024.08.08. 오후 1:33,"서울시 공공자전거 '따릉이'와 공유 전동킥보드 등을 타고 난폭운전을 일삼은 '따릉이 폭주족 연맹'(따폭연) 사회관계망서비스(SNS) 계정을 운영한 운영자는 10대 고등학생이었던 것으로 밝혀졌다.서울경찰청은 따폭연 인스타그램 운영자인 고등학생 A군을 특수협박죄 등 혐의로 검거했다고 8일 밝혔다.경찰에 따르면 A군은 따릉이를 난폭하게 운전해 시민을 다치게 하거나 위협한 협의를 받는다. 또 대규모 폭주 행위를 예고함으로써 사회적 불안을 조장해 신고를 급증하게 만들고 대규모 경찰력을 동원시킨 혐의도 있다.A군은 지난 4일 오후 6시 따릉이 폭주족을 모아 용산구와 성동구 사이를 왕복하겠다고 예고했지만, 경찰 집중단속에 모습을 드러내지 않았다.오는 10일 마포구와 강남구 등지에서도 따릉이 폭주족 모임을 진행할 예정이라고 예고한 바 있지만, A군 검거에 따라 모임이 성사되지 않을 것으로 보인다.현재 A군이 운영한 인스타그램 계정에는 400자 분량의 사과문만 업로드돼있다.사과문 외에 서울 시내에서 따릉이나 전동킥보드 등을 타고 보행자 사이를 아슬아슬하게 질주하며 위협하거나 단속하는 경찰을 조롱하는 모습을 담은 동영상은 모두 삭제된 상태다.A군은 사과문에서 ""옳지 않은 행동들로 인해 피해 보신 시민과 경찰관에게 사과드리며 좋은 방향이 아닌 게시물을 보며 불편함을 느끼게 한 것에 송구하고 죄송하다""고 말했다.이어 ""다시는 이런 짓을 하지 않을 것이며 벌을 받겠다""며 ""저로 인해 어린 친구들에게 이런 일이 확산된 것에 대해 저 자신이 원망스럽고 너무 부끄럽다""고 밝혔다.(사진=연합뉴스)",https://n.news.naver.com/mnews/article/215/0001174460,102
오늘 ‘광복절 특별사면’ 심사위…김경수·조윤선 등 거론,2024.08.08. 오전 7:43,"지난해 광복절 특별사면 관련 브리핑을 하는 모습. 뉴스1윤석열 정부의 5번째 특별사면 대상자를 가리기 위한 심사가 8일 이뤄진다.이날 법무부는 오후 2시 정부과천청사에서 사면심사위원회를 열고 8·15 광복절 특사·복권 후보자를 가릴 예정이다.드루킹 댓글 조작 사건으로 징역 2년을 선고받고 복역하다 2022년 복권 없이 사면된 김경수 전 경남도지사, 문화계 블랙리스트 사건으로 1년 2개월 형기를 마친 조윤선 전 청와대 정무수석 등이 이번 대상으로 검토된다.사면심사위는 박성재 법무부 장관과 송강 법무부 검찰국장, 정희도 대검찰청 공판송무부장과 5명의 외부 위원으로 구성된다.법무부 장관이 사면심사위 심사를 거쳐 특별사면·복권 대상자 명단을 대통령에게 상신하면 대통령은 국무회의 의결을 거쳐 사면·복권 대상자를 최종 결정한다.앞서 윤 대통령은 2022년 광복절에 단행한 임기 첫 특사에서 당시 이재용 삼성전자 부회장을 비롯한 1600여명을 사면했다.2023년 새해를 맞아 단행한 두 번째 특사에서는 이명박 전 대통령과 김경수 전 경남지사 등 1373명이 사면됐으며, 같은 해 8월 광복절 특사에서는 2176명에 대해 사면이 이뤄졌다.올해 설 특사에는 김관진 전 국방부 장관 등 여야 정치인 7명과 최재원 SK그룹 수석부회장 등이 포함됐다.",https://n.news.naver.com/mnews/article/025/0003378614,102
지하주차장서 옛 연인에게 흉기 휘둘러... 40대 신원 특정,2024.08.07. 오후 6:09,"인천 서부경찰서 전경. 서부서 제공인천 서부경찰서는 옛 연인을 흉기로 다치게 한 혐의(특수상해 등)를 받는 40대 남성 A씨를 추적 중이라고 7일 밝혔다.경찰에 따르면 A씨는 이날 오전 8시20분께 서구 청라동 한 아파트 지하주차장에서 옛 연인인 40대 여성 B씨를 흉기로 다치게 한 뒤 달아난 혐의다. B씨는 얼굴과 팔 등을 다쳐 병원에서 치료를 받고 있으며 생명에는 지장이 없는 것으로 알려졌다.경찰은 사건 현장 주변 폐쇄회로(CC)TV 등을 토대로 A씨 신원을 특정한 뒤 도주 경로를 확인하고 있다.경찰 관계자는 “B씨 남동생으로부터 신고를 받고 현장에 출동했고, 피해자는 치료를 받으며 안정을 취하고 있는 상황”이라고 했다. 이어 “CCTV로 확인한 도주 경로를 토대로 A씨를 검거하는 데 집중하고 있다”며 “A씨를 잡은 뒤 구체적인 범행 동기 등을 조사할 예정”이라고 말했다.",https://n.news.naver.com/mnews/article/666/0000048982,102
"점주 협의회 만들자 계약 끊은 BBQ…대법 ""위법""",2024.08.08. 오후 1:34,"치킨 프랜차이즈 제너시스BBQ가 가맹점주 단체에서 간부로 활동한 점주들의 계약갱신을 거절한 것은 위법이라는 대법원 판단이 나왔다.8일 법조계에 따르면 대법원 3부(주심 오석준 대법관)는 제너시스BBQ가 공정거래위원회를 상대로 낸 시정명령 등 취소 청구 소송 상고심에서 피고 패소 부분을 파기해 지난달 11일 사건을 서울고법으로 돌려보냈다.제너시스BBQ는 2018년 전국BBQ가맹점사업자협의회(이하 협의회)를 설립하고 간부로 활동한 가맹점주에 대해 계약갱신을 거절하고 계약종료 유예 각서를 작성하도록 했다. 거절 이유에 대해서는 '기업경영방침과 가맹점 운영방식 상이' 등으로만 설명하고 구체적 사유를 밝히지 않았다.제너시스BBQ는 특정 가맹점주단체에 가입할 것을 조건으로 내세워 가맹계약을 체결하기도 했다. 가맹점에 특정업체로부터만 홍보전단지를 구매하도록 하거나 가맹점주에게 불리한 계약 즉시해지사유 관련 계약조항을 설정했다.공정거래위원회는 2021년 6월 이 같은 행위가 가맹사업법 위반에 해당한다고 보고 17억6000만원의 과징금을 부과했다. 공정위 처분은 1심 판단의 성격을 갖는다. 제너시스BBQ는 계약 갱신 거절 사유가 단체활동 때문이 아니라 명예훼손과 허위사실 유포 때문이었다며 공정위 처분에 불복했다.항소심 법원은  BBQ의 주장을 대부분 배척하면서도 가맹 계약 갱신 거절은 본사 재량에 해당한다며 BBQ 손을 들어줬다. 재판부는 공정위가 계약 갱신 거절 행위에 대해 부과한 과징금은 취소해야 한다며 총 과징금 17억6000만원 중 4억9500만원을 취소하라고 판결했다.대법원의 판단은 달랐다. 대법원은 BBQ가 가맹점사업자단체 활동을 위축시키려는 목적에서 계약 갱신을 거절하고, 계약종료유예요청서·각서 등을 받았다고 판단했다. 가명사업법에서 금지하고 있는 불이익 제공 행위라는 취지다.대법원은 ""원고가 협의회 임원들을 대상으로 한 계약 갱신 거절, 계약종료 유예 요청서 및 각서 징구행위 등 일련의 행위는 협의회 활동을 위축시키려는 목적에서 이뤄진 것으로 가맹사업법에서 금지하는 불이익 제공행위에 해당한다""며 ""원심이 불이익 제공 행위에 관한 판단에 대해 필요한 심리를 다하지 않아 이 부분을 다시 심리, 판단하도록 환송한다""고 밝혔다.",https://n.news.naver.com/mnews/article/008/0005074671,102
"경기도, 이화영 전 부지사측 요구 ‘쌍방울 대북송금’ 사건자료 법원에 제출",2024.08.08. 오후 1:25,"이화영 전 경기도 평화부지사. 경기도 제공경기도는 쌍방울 불법 대북 송금 사건과 관련해 이화영 전 평화부지사 측이 요청한 자료를 지난 6일 수원고법에 제출했다고 밝혔다.8일 경기도에 따르면 경기도가 법원에 보낸 자료는 ‘2019년 조선아시아태평양평화위원회가 아태평화교류협회에 보낸 북측 대표단 명단’, ‘아태평화교류협회가 북측 대표단에 보낸 초청장 및 항공권 발권내역’, ‘아태평화교류협회가 작성한 2019년 아시아태평양의 평화 번영을 위한 국제대회 정산서(예산과 집행액 및 잔액 명세)’ 등이다.앞서 수원고법은 지난달 26일 이 전 부지사 사건의 심리를 위해 해당 자료에 대한 사실조회 요청서를 경기도에 보냈다.강민석 경기도 대변인은 “더불어민주당과 국민의힘이 동시에 해당 사건에 대해 같은 자료를 요구하고 있어 정치적으로 악용될 소지가 있는 데다, 공직자들이 자료 유출로 인해 재판을 받았던 사례가 있는 만큼 경기도는 정보공개법 등 관련 법령상 비공개 원칙을 견지해 왔다”며 “그러나 법원이 변호인의 사실조회 신청을 받아들여 자료 송부를 요구한 만큼 법적 절차에 따라 수원고법에 자료를 보냈다”고 설명했다.앞서 지난 6월 이 전 부지사의 변호인인 김광민 변호사는 경기도에 2019년 아시아태평양 국제대회 결과보고서 제출을 요구했다.이 행사에서 김성태 쌍방울 회장이 북한 정찰총국 출신 대남공작원 리호남을 만나 이재명 당시 경기도지사의 방북 비용으로 70만달러를 건넨 것으로 검찰은 보고 있다.한편 이 전 부지사는 쌍방울 800만 달러 대북송금 혐의(외국환거래법 위반), 불법 정치자금 3억 3400여만원 수수 등 혐의로 기소돼 지난 6월 7일 1심에서 징역 9년 6월, 벌금 2억 5000만원, 추징 3억 2595만을 선고받았다.",https://n.news.naver.com/mnews/article/081/0003470916,102
"""잠자리 들어가면 300 스타트""…이근, '구제역 성매매 의혹' 폭로 예고",2024.08.08. 오후 1:37,"먹방 유튜버 '쯔양'(본명 박정원)을 협박해 돈을 갈취한 혐의를 받고 있는 유튜버 구제역(본명 이준희)이 26일 오전 경기 수원시 영통구 수원지방검찰청으로 구속 전 피의자심문(영장실질심사)을 받기 위해 출석하고 있다. 유튜버 구제역과 주작감별사는 지난해 2월 쯔양과 전 남자친구간 과거를 폭로하지 않는 조건으로 쯔양을 협박해 5500만 원을 받아 챙긴 혐의를 받고 있다. 2024.7.26/뉴스1 ⓒ News1 김영운 기자(서울=뉴스1) 신초롱 기자 = 예비역 대위 출신 유튜버 이근이 쯔양 협박 혐의로 구속된 유튜버 구제역의 성매매 의혹 관련 폭로를 예고했다.이근은 7일 유튜브 채널 'ROKSEAL' 커뮤니티를 통해 ""구제역의 핸드폰을 통해 많은 범죄 증거 자료를 확보해 구제역과 김세의를 계속 고소, 고발하겠다""라고 밝혔다.이어 ""정말 더러운 내용들이 많아서 토할 것 같지만 철저히 검토해서 김세의를 감옥에 보내버리겠다""라고 예고했다.함께 공개된 사진에는 검찰 수사 선상에 오른 '가로세로연구소(가세연)' 김세의 대표 관련 기사를 비롯해 또 사이버 레커들에 관한 폭로를 이어온 유튜버 '크리미널리포트 임마누엘' 방송 화면이 갈무리돼 있다.(이근 유튜브 갈무리)또 다른 사진에는 성매매가 의심되는 메신저 대화 내용도 담겼다. 성매매 알선 업자로 보이는 인물은 ""보통 잠자리 들어가면 3백 스타트. 숏밤 아니면. XX여대 퀸. 168 44""라는 설명과 함께 여성의 사진을 보냈다.구제역이 속옷만 입은 채 침대에 누워 있는 여성과 누워있는 모습도 담겼다. 마지막 사진에는 김세의 대표와의 통화 녹음 파일이 가득했다.구제역은 먹방 유튜버 쯔양(본명 박정원)을 협박해 돈을 갈취한 혐의로 지난달 26일 구속됐다. 같은 날 주작감별사(본명 전국진)도 함께 구속됐다. 두 사람은 지난해 2월 쯔양과 전 남자친구간 과거를 폭로하지 않는 조건으로 쯔양을 협박해 5500만 원을 받아 챙긴 혐의를 받는다.",https://n.news.naver.com/mnews/article/421/0007718668,102
"“도주 우려” 유튜버 전투토끼 구속… 밀양 가해자 신상공개, 명예훼손 혐의",2024.08.08. 오후 1:56,"유튜버 전투토끼. 유튜브 채널 ‘전투토끼’ 캡처밀양 여중생 집단 성폭행 사건 가해자 신상을 관련자 동의 없이 공개해 논란이 된 유튜버 ‘전투토끼’가 구속됐다.경남경찰청 사이버수사대는 정보통신망법상 명예훼손, 강요 등 혐의로 30대 유튜버 A씨를 구속해 조사 중이라고 8일 밝혔다.정지은 창원지법 영장전담판사는 전날 A씨에 대한 구속 전 피의자 심문(영장실질심사)을 진행한 후 “도주 우려가 있다”며 구속영장을 발부했다.A씨는 지난 6월부터 자신의 유튜브 채널에 밀양 성폭행 사건 가해자 여러 명의 신상을 당사자 동의 없이 무분별하게 공개해 명예를 훼손한 혐의 등을 받는다.경찰은 밀양 성폭행 사건과 관련해 가해자 신상 유포자들에 대한 고소·진정을 받아 수사를 벌이고 있다.고소·진정인들은 유튜버나 블로거가 당사자 동의 없이 개인신상을 무단으로 공개해 명예를 훼손했다는 취지로 고소·진정을 하고 있다. 사건과 무관하거나 사실이 아닌 내용으로 피해를 본 이들도 있는 것으로 알려졌다.한편 밀양 성폭행 사건은 2004년 경남 밀양에서 44명의 남고생이 1년간 울산의 여중생 1명을 장기간에 걸쳐 집단 성폭행한 혐의로 논란이 된 사건이다.사건 피의자 10명이 기소되고 20명은 소년부로 송치됐으며 13명은 피해자와 합의, 고소장 미포함 등을 이유로 공소권 없음 결정을 받았다.",https://n.news.naver.com/mnews/article/081/0003470925,102
"필수의료 이탈 와중에…""마스크 강력 권고, 코로나 재난 올수도""",2024.08.08. 오후 1:34,"지난해 8월 서울 한 보건소 코로나19 선별진료소에서 의료진이 검체를 채취하고 있다./사진=뉴스1끝난 줄로만 알았던 코로나19가 다시 확산하고 있는 가운데 마스크 착용을 강하게 권고해야 한다는 전문가 조언이 나왔다.엄중식 가천대 길병원 감염내과 교수는 8일 CBS 라디오 '김현정의 뉴스쇼'에서 ""호흡기 환자들이 생기면 검체를 채취해 바이러스 분석 검사를 한다""며 ""4주 전에는 7% 정도가 코로나19로 확인됐다. 지금은 25%를 넘겼다. (호흡기 환자) 4명 중 1명이 코로나19 환자""라고 밝혔다.이어 ""8월 3~4째주를 정점으로 환자가 늘고, 중환자는 이후 더 늘어날 것""이라며 ""코로나 환자가 없어서 음압격리실(전염병 확산을 막기 위해 병실 내부 공기가 외부로 퍼져나가지 못하도록 한 병실)을 한두 달 닫았었다. 그런데 환자가 다시 늘면서 지금은 전체 병상의 절반이 가동되고 있다. 유행의 정점으로 가는 상황""이라고 설명했다.질병관리청에 따르면 지난달 21~27일 코로나19로 입원한 환자 수는 465명이다. 전주(226명) 대비 2배 증가했다.현재 유행 중인 바이러스는 새로운 변이인 KP.3다. 지금까지의 코로나19 변이들처럼 중증도와 치명률은 높지 않지만, 면역 회피 능력이 있어 전파력이 강해졌다. 면역 회피는 바이러스가 인체의 면역 반응 시스템을 피하는 것이다.엄 교수는 ""엔데믹 상황은 바이러스가 '없어졌다'는 의미가 아니라 '끼고 산다'는 얘기""라며 ""국민들의 면역이 어느 정도 유지될 때는 유행이 사그라들었다가 3~4개월 지나 면역력이 떨어지기 시작하면 다시 유행이 올라가는 양상""이라고 밝혔다.그는 ""똑같은 바이러스에 다시 걸릴 가능성은 그렇게 높진 않지만, 3~4개월마다 계속해서 새로운 변이가 들어오기 때문에 재감염이 일어날 수 있다""며 ""재감염일 때 증상이 더 센 건 아니다. 비슷한 정도로 나타나거나 좀 가볍게 앓는 편""이라고 했다.엄 교수는 ""연령이 높거나 면역 질환, 만성 질환이 있는 분들은 사람들이 많은 곳에 가거나 대중교통을 이용할 때 마스크를 착용하는 게 안전하다""며 ""병원 같은 감염 취약 시설에서는 단기적으로라도 마스크 착용을 강하게 권고하는 형태로 방역을 강화할 필요가 있다""고 강조했다.또 최근 의대 증원 등 의료계의 어려움으로 코로나19 환자가 폭증할 경우 제대로 대응하기 힘들 수 있다며 ""지금의 유행 상황이라면 버티겠지만 더 많은 중환자가 발생하면 어렵다""고 말했다.이어 ""다음 유행 시기는 내년 1~2월쯤으로 예측한다. 그때는 독감을 비롯해 여러 호흡기 바이러스나 폐렴이 유행하는 시기""라며 ""지금 필수 의료와 관련된 분들이 이탈하고 있다. 그때까지 해결이 안 되면 재난적인 상황이 발생할 수 있을 것""이라고 우려했다.",https://n.news.naver.com/mnews/article/008/0005074672,102
권익위원회 고위 인사 자택서 숨진 채 발견,2024.08.08. 오후 1:23,"청탁금지법 부서 책임자김여사 명품백·이재명 응급헬기 논란 등 민감사건 처리▲ 일러스트/한규빛국민권익위원회 고위 인사가 숨진 채 발견됐다.8일 세종남부경찰서와 세종소방본부, 권익위 등에 따르면 이날 오전 9시 50분쯤 세종시 아름동 한 아파트에서 권익위 소속 A씨가 숨진 채 발견돼 경찰이 조사에 나섰다.현장을 목격하고 신고한 사람은 A씨가 출근하지 않고 연락도 닿지 않자 아파트를 찾은 것으로 전해졌다.A씨는 안방에서 숨진 채 발견됐으며 메모 형태의 유서를 남긴 것으로 알려졌다.A씨는 권익위에서 최근까지 청렴 정책과 청렴 조사 평가, 부패 영향 분석, 행동 강령, 채용 비리 통합 신고 업무 등을 총괄하는 부패방지국의 국장 직무 대리를 수행했다.청탁금지법을 담당하는 부서의 운영 책임자로, 윤석열 대통령 부인 김건희 여사의 명품 가방 수수 의혹 사건과 더불어민주당 이재명 전 대표의 응급 헬기 이용 사건 등의 조사를 지휘했다.또 지난달 국회 정무위원회 전체회의에 출석해 단상에 나와 의원들의 질의에 답변하기도 했다.A씨는 여야간 정치적 논란을 야기한 민감 사건을 잇달아 처리한 데 이어, 최근 권익위가 청탁금지법 시행령 개정을 추진하면서 스트레스와 업무 과중을 호소했던 것으로 전해졌다.경찰과 소방본부는 정확한 경위를 조사 중이다.※ 우울감 등 말하기 어려운 고민이 있거나 주변에 이런 어려움을 겪는 가족·지인이있을경우 자살예방상담전화 ☎109에서 24시간 전문가상담을 받을 수 있습니다.#권익위원회 #권익위 #소방본부 #청탁금지법 #국민권익위원회",https://n.news.naver.com/mnews/article/654/0000083745,102
"충남경찰, 유명연예인 도용 '불법도박사이트 운영' 일당 11명 검거… 3명 구속",2024.08.08. 오후 1:26,"불법사이트 홍보·운영 사무실에서 범인들을 검거하는 모습. 충남경찰청 제공 영상 갈무리.충남경찰은 유명 연예인 얼굴을 무단으로 도용해 불법 도박사이트 해설 방송을 선보이고 4500여 명에 달하는 도박자를 모집한 운영자 A씨를 비롯한 일당 11명을 검거해 3명을 구속했다고 8일 밝혔다.충남경찰청에 따르면 이들은 서울 도심에 불법사이트 홍보·운영 사무실을 두고 유튜브 실시간 방송을 통해 도박자들을 유인하는 방식으로 2022년 12월부터 2024년 7월 중순까지 약 1년 8개월 동안 총 4520명의 도박자를 모집한 혐의(도박공간 개설 등)다.이들은 유튜브 채널을 개설해 청소년을 비롯한 불특정 다수에게 도박 해설 영상을 방송하고 영상 댓글란에 카카오톡 오픈채팅방 주소를 안내해 불법 도박사이트 가입을 독려했다.이 과정 중 수사기관의 추적을 회피하기 위해 자신의 얼굴을 드러내는 대신 유명 연예인의 얼굴을 무단으로 도용해 합성하는 치밀함을 보인 것으로 알려졌다.이들은 불법 도박사이트를 통해 3800억 상당의 도금을 입금받아 수익금을 취득했으며 특히 홍보·운영 사무실에서만 51억 원의 부당이득을 취한 것으로 조사됐다.경찰은 청소년 도박자 24명에 대해선 치유를 위해 우선 조사해 관할 경찰서로 이첩했다.또 이들이 범행에 사용한 유튜브 채널 176개에 대해서 방송통신심의위원회에 차단·삭제 조치를 요청하는 한편 A씨 등의 범죄수익금을 추적해 기소전 추징보전 조치, 국세청에 통보하는 등 불법수익금에 대한 적극적인 환수와 동시에 운영자 외에 단순 도박참여자에 대해서도 수사를 이어갈 계획이다.도경찰청은 오는 10월 말까지 하반기 불법 사이버도박 특별단속을 실시, 유튜브 등 개인플랫폼 방송을 활용한 도박 등 불법행위 광고에 대한 적극적인 수사를 진행하고 적발될 경우 엄단한다는 방침이다.도경찰청 관계자는 ""도박자들의 치유를 위해 '한국도박문제예방치유원'과 협업을 강화하고 있으나, 특히 청소년들의 경우 수사기관의 단속만으로 청소년들의 도박사이트 접근을 원천 차단하기에는 한계가 있다""며 ""가정·학교·지역사회 모두가 청소년들의 특성을 이해하고 사이버도박의 심각한 유행성을 경고하는 등 적극적인 관심이 필요하다""고 강조했다.",https://n.news.naver.com/mnews/article/656/0000100645,102
"[오후날씨 꿀팁] 중부에 비, 남부는 소나기…전국 대부분 폭염경보",2024.08.08. 오후 12:34,"오늘 중부지방에는 비가, 남부지방과 제주도는  소나기가 내리겠습니다.이 시각 전북 정읍 지역은 보시는 것처럼 다소 강한 소나기가  쏟아지고 있습니다.지금은 주로 경기 북부와 충청지방, 전북 지역을 중심으로  비나 소나기 구름이 지나고 있습니다.오늘 예상되는 비의 양은 수도권과 강원, 충청에 5~60mm입니다.대기가 불안정해 남부지방과 제주도에는 5~60mm, 영남 많은 곳에 최대 80mm 이상의 소나기가 내리겠습니다.비나 소나기가 내릴 때 시간당 최대 30mm 안팎으로 강하게 내리는 곳이 있겠습니다.비나 소나기가 내려도 더위를 식혀주지는 못하겠습니다.전국 대부분 지역에 폭염경보가 계속되고 있습니다.낮 기온은 서울과 대전 33도, 대구 36도, 부산 35도까지 오르겠고  습도가 높아 체감온도는 이보다 1~3도 정도 더 높겠습니다.바다의 물결은 모든 해상에서 잔잔하게 일겠고,  서해와 남해상, 동해 남부 해상에 안개가 짙게 끼는 곳이 있겠습니다.당분간 무더위가 이어지겠고 내일은 강원 산지와 남부지방, 제주도에 소나기가 내리겠습니다.지금까지 날씨 전해드렸습니다.박소연 기상캐스터/그래픽:최다애■ 제보하기▷ 전화 : 02-781-1234, 4444▷ 이메일 : kbs1234@kbs.co.kr▷ 카카오톡 : 'KBS제보' 검색, 채널 추가▷ 네이버, 유튜브에서 KBS뉴스를 구독해주세요!",https://n.news.naver.com/mnews/article/056/0011777289,103
"갈기갈기 찢긴 조선왕실 사당 터, 미국 대사관 건립 막아낸 사람들",2024.08.08. 오전 10:04,"노형석의 시사문화재 | 덕수궁 선원전 터 비사지난 2022년 선원전 터 권역에서 진행된 발굴 작업 현장. 위에서 내려다 본 광경이다. 국가유산청 제공외세 침략과 망국의 비운이 서린 서울 덕수궁은 20년 전 기적적으로 회생한다. 2002~05년 궁궐에서 가장 신성했던 사당인 선원전 터 영역에 15층짜리 대사관과 8층짜리 아파트 건물을 지으려는 미국 정부의 계획을 좌절시키고 원래 전각을 되살리는 복원안까지 얻어낸 것이다. 30~40대 청년 문화재 지킴이들을 중심으로 시민단체와 전문가들이 연대해 저지 투쟁을 3년간 지속한 성과였다.그들이 싸우지 않았다면 덕수궁은 지금 어떻게 됐을까. 당시 한국의 재발견 사무국장으로 궁궐문화유산 지킴이로 일했던 강임산 현 국외소재문화유산재단 미국 사무소장은 말한다. “스카이라인이 완전히 망가졌겠지요. 공룡 같은 15층짜리 미국 대사관과 아파트들이 바로 뒤에서 궁궐 전각들을 내리누르는 아찔한 경관이 펼쳐졌을 겁니다.”발단은 1977년 미국 정부가 세종로에 있는 미대사관 이전 방침을 밝히면서부터였다. 처음 꼽은 후보지는 최근 이건희컬렉션 기증관 예정 터로 유명해진 송현동 일대의 당시 미대사관 직원 숙소였다. 하지만 청와대와 정궁 경복궁에서 바로 지척인 고도 제한 구역이어서 한국 정부가 난색을 표하면서 협상 카드로 대신 내건 곳이 당시 정동 경기여고 자리, 바로 선원전 터 영역이었다.주요 전각터 발굴을 마무리하고 일부 전각의 정비 복원 공정을 준비 중인 서울 정동 덕수궁 선원전 터 영역의 현재 풍경. 이 영역의 파란만장한 공간 역사를 지켜본 회화나무 고목이 황백색 꽃을 한가득 피운 채 자리를 지키고 있다. 노형석 기자2003년 미국 대사관 건립 논란이 불거진 뒤 지표조사를 벌일 당시 선원전 터 영역의 풍경. 터에 들어섰던 옛 경기여고 운동장 자리에 이 공간의 산증인인 회화나무가 보인다. 당시엔 전경들의 훈련 장소로도 쓰였다. 김종헌 배재대 교수 제공원래 선원전 영역은 역대 조선왕조 임금들의 어진(초상)과 신주 등을 봉안했던 궁궐 최고의 성소로 흥복전, 흥덕전, 의효전 등 여러 전각들을 포괄하고 있었다. 세종대로변 포덕문 근처에 있었으나 1900년 화재로 불타자 1901년 미국 공사관 북쪽 수어청 터(정동 1-8번지)로 옮기게 된다. 고종이 1919년 승하한 직후부터 선원전 터는 일제의 의해 필지가 매각되면서 갈기갈기 찢기게 된다. 선원전 터 뒤쪽에 금칠한 불상이 빛나는 해인사 포교소가 들어서는가 하면, 뒤에는 경성제일고등여학교가 건립됐다. 땅 필지 일부인 정동 39번지는 일제 금융기관에 팔려 조선저축은행(제일은행의 전신)의 간부 사택이 일식·서구식 절충 양옥으로 들어선다. 해방 뒤 39번지 사택은 미대사관 간부 직원 사택이 됐고, 8번지 여학교 터엔 경기여고가 들어섰다. 하지만 1970~80년대 미국 정부와의 협상에선 이런 역사문화적 내력이 전혀 고려되지 않았고 서울시나 정부 관계자들도 무지했다. 급기야 1984~86년 서울시와 미대사관 쪽은 밀실협상 끝에 당시 을지로입구 미문화원 터와 송현동 대사관 직원 숙소 터를 경기여고 자리와 교환하는 데 합의하게 된다.하지만 2000년대까지 10년 이상 이런 사실은 공개되지 않았고 경기여고 자리가 덕수궁 터임을 아는 이들은 학계에도 거의 없었다. 윤곽이 드러나기 시작한 건 2001년. 건물 신축을 본격적으로 추진하면서 주차규모 사업계획서를 턱없이 낮춰 제출했다가 서울 중구청으로부터 건축인허가 부적격 판정을 받은 미국 정부 쪽은 꼼수를 썼다. 자기들의 외교적 편의를 위해 주택 관련법을 개정해달라고 우리 정부 쪽에 요청한 사실이 언론에 드러나면서 여론의 포화를 맞게 된다. 2002년 4월, 한 서울시 학예직 공무원이 미대사관 건립 추진에 촉각을 곤두세우던 문화재 지킴이 강임산씨에게 만나자고 요청해 뜻밖의 공익 제보를 했다.선원전 영역을 지칭했던 ‘영성문 대궐’의 1903년 모습. 영국 뉴캐슬 대학에 원본이 소장된 구한말 사진이다. 국가유산청 제공“(그 공무원이) 80년대 서울시 밀약 내용에 따른 대사관 건립 후속 추진 업무를 맡았는데, 덕수궁의 핵심 공간인 선원전 터인데도 일방적으로 작업이 추진됐고, 사전 조치로 시굴과 발굴 조사를 전담해야 하는 상황에서 반대 목소리를 내야 하지 않느냐는 것이었죠. 그의 조력으로 80년대 밀실 협상 관련 정보들이 공개됐고, 건립 터가 소중한 옛 궁궐터의 중심이라는 사실도 명백하게 드러났어요.”(강임산)강씨는 궁궐 지킴이 동료였던 천준호 한국청년연합회 사무처장(현 더불어민주당 국회의원)과 함께 시민단체들 쪽에 공동 대응하자는 ‘사발통문’을 돌렸다. 5월30일 경제정의실천시민연합이 반대 성명을 낸 것을 시발로 30여개 시민단체가 연대했다. 덕수궁 터 미대사관 신축을 반대하는 시민모임을 결성하고 미대사관과 덕수궁 정문 앞 1인시위, 시민 서명 등을 2년여 동안 했다. 근대유산 전문가로 선원전 터 역사에 밝았던 김정동 목원대 교수가 강연을 펼치며 앞장섰고, 강찬석 문화연대 문화유산위원장, 황평우 한국문화유산정책연구소장 등 문화재 활동가들도 속속 합류했다. 시민들 반응은 뜨거웠다. 청소년도 1인시위 대열에 섰고, 가수 서태지 기획사 음악가들이 응원 공연도 했다.하지만 미국 정부는 요지부동이었다. 전면 철회를 요구하는 시민모임 관계자들을 미대사관 직원이 면담하면서 “정당한 소유권을 문제 삼는 반미주의자들”이라고 비난해 설전을 벌였다. 설계를 맡은 포스트모던 건축 대가 마이클 그레이브스는 방한해 현란한 주상복합 대사관 청사진을 공개하면서 덕수궁의 역사성을 무시한 일방적인 작품 설명만 늘어놓아 국내 건축인들의 반발을 사기도 했다.2002년 11월 서울 세종로 미국 대사관 앞길에서 덕수궁 터 대사관·아파트 건립에 반대하는 시민단체 연대모임이 1인시위를 펼치는 모습. 한겨레 자료사진결국 서울시 쪽은 수습을 위해 문화재보호법에 따라 지표조사로 신축 허가를 재검토하기로 하고, 2003년 6~11월 건축, 역사, 고고학 전문가들에게 의뢰해 문헌 및 지표조사를 벌였는데, 극적인 반전이 일어난다.“신축건물이 들어설 예정부지는 선원전·흥복전·흥덕전 등의 진전과 빈전 등 궁궐에서도 특히 신성한 영역이 자리했던 지역으로 밝혀졌음. 또한 현장조사에서 문지, 장대석과 사고석을 이용한 석축, 옛 덕수궁의 건축부재로 추정되는 석재 등이 조사되어 궁궐터였음이 확실하므로 시·발굴조사는 필요하지 않으며, 향후 우리나라의 정통성을 계승하고 위상을 높이는 방안으로 보전되어야 할 것임.”지난 4월25일 열린 선원전 터 권역 공개 기념행사 현장. 최응천 문화재청장이 필립 골드버그 주한미국대사와 선원전 터를 두른 이명호 작가의 아트펜스(예술벽)를 살펴보고 있다. 국가유산청 제공한국문화재보호재단과 중앙문화재연구원으로 구성된 합동조사단이 11월8일 문화재청 문화재위원회에 낸 보고서는 놀라운 내용을 담고 있었다. 해방 뒤 건물이 들어서면서 궁궐 유적은 대부분 파괴돼 없어진 줄 알았는데 주요 전각 터가 거의 온전히 남아 있었던 것이다. 조사를 이끈 건축사가 김종헌 배재대 교수는 “역사의 거대한 힘을 보여준 성과였다”고 떠올렸다.미대사관 건립 논란은 새 국면에 접어들었고 결국 2005년 1월 문화재위원회 합동분과회의는 선원전 터의 대사관·아파트 신축 예정부지에 대해 ‘보존’ 권고 결정을 내렸다. 이에 따라 한국과 미국 정부가 다시 수년간 협상한 끝에 2011년 사대문 밖 용산 캠프 코이너 지구를 대체지로 확정하는 협약을 맺으면서 시민모임의 온전한 승리로 끝난다. 문화재청 관계자들도 사태 수습 과정에서 고종이 1896~97년 러시아공사관으로 피신했던 아관파천 당시 피신로로 추정되는 작은 오솔길 추가 발굴과 구한말 미 공사관 지도 기록 등을 확보하는 성과를 올린다. 2018년 이래 역사산책로가 된 ‘고종의 길’이 탄생한 내력이다.1918년 당시 덕수궁 선원전 전각에서 조선 왕실 왕족들이 제례를 올리는 광경. 국가유산청 제공지난 4월부터 시민공원으로 개방된 선원전 터 권역은 2039년까지 예정된 복원정비의 도정을 밟게 됐다. 선원전 터에 버티고 서서 눈부신 황백색 꽃을 가득 피워내고 있는 200살 넘은 회화나무는 덕수궁 역사의 산증인이다. 이 고목을 바라보며 지금은 거의 잊혀진 20년 전 덕수궁 지킴이들의 노력을 떠올려본다.",https://n.news.naver.com/mnews/article/028/0002701809,103
기름 넣다 “펑”…주유소서 담배 피우면 500만원 벌금 폭탄,2024.08.08. 오후 1:36,"셀프 주유소에서 주유 중 담배에 불을 붙이는 남성.[사진 제공 = YTN 캡처]주유소 등 위험물 보관 장소에서 흡연할 경우 최대 500만원의 과태료가 부과된다.소방청은 위험물안전관리법 시행령과 시행규칙이 지난달 31일 개정·시행됨에 따라 주유소 등 위험물 보관·사용장소에서 흡연을 금지하고, 이를 위반할 경우 500만원 이하의 과태료를 부과한다고 8일 밝혔다.주요 개정 사항은 ▲위험물 보관·사용 장소에서 흡연 금지 ▲관계인은 해당 장소가 금연임을 알리는 표지 설치 ▲관계인은 일정 기준을 갖춘 안전한 장소에 한해 흡연 장소 지정 ▲흡연 위반 시 과태료 처분 ▲금연 표지 미설치 시 시정명령 등 흡연으로 인한 위험물 사고 안전관리에 관한 사항이다.이에 따라 주유소 등 위험물 보관·사용 장소의 관계인은 해당 장소에 ‘금연’ 표지를 설치하는 한편, 일정 기준을 갖춘 안전한 장소에 한해 흡연 장소를 지정해야 한다.그간 위험물안전관리법 시행규칙상 ‘가연성 가스가 체류할 우려가 있는 장소에서 불꽃을 발하는 기구 등의 사용 금지’ 규정에 따라 흡연을 금지하고 있었지만, 이를 보다 명확히 하기 위해 법령에 ‘흡연 금지’를 명시했다고 소방청은 설명했다.앞서 지난해 셀프 주유소 이용자가 담배를 피우면서 주유하는 장면이 언론에 보도되면서 안전 불감증과 처벌 규정 등에 대한 논란이 일었다.송호영 소방청 위험물안전과장은 “이번 개정 법률은 흡연 행위 금지를 법률상 구체적으로 명시함으로써 위험물 시설의 화재·폭발 사고를 예방하는데 그 취지가 있다”며 국민들의 협조를 당부했다.",https://n.news.naver.com/mnews/article/009/0005347283,102
우리 아이의 '유리멘탈' 알고보니 스마트폰 탓[북적book적],2024.08.08. 오전 10:04,"신체적 죽음보다 사회적 죽음 더 걱정SNS에서 비난받을까 싶어 '방어모드'여성 청소년에 치명적…정신질환 많아게티이미지[헤럴드경제=이민경 기자] 똑같은 춤을 ‘챌린지 댄스’라며 추고 찍어 올리는 소녀들. ‘너도 #ADHD있어? 나도 #정신과 다녀’ 식으로 각자의 정신질환을 전시하는 행태. ‘틱톡(Tiktok)’과 ‘인스타그램’에서 볼 수 있는 전형적인 콘텐츠다. 동의하는가. 그렇다면 당장 자녀의 스마트폰을 빼앗고, 그 안에 있는 수많은 사회관계망서비스(SNS) 사용을 금지시켜라. 그래야 Z세대(1990년대 중반~2000년대 초반 출생)의 비극이 끝난다.정치외교 전문 매체 ‘포린폴리시’가 세계의 100대 사상가로 꼽는 조너선 하이트 뉴욕대학교 스턴경영대학원 교수는 신간 ‘불안 세대’에서 전세계적으로 2010년대에 청소년기에 진입한 아이들이 디지털 기기의 남용으로 그 어떤 세대보다 불안과 우울에 시달리고 있다고 분석한다.저자는 2000년대와 2010년대는 둘 사이를 확연하게 구분하는 커다란 강이 흐른다고 단언한다. 2013년에 아이폰을 가진 13세 아이(2000년생)의 일상생활과 의식, 사회적 관계는 2007년에 플립폰을 가졌던 13세 아이(1994년생)의 그것과는 아예 다른 종류라는 것이다.저자는 “그 전까지는 청소년에게 정신질환 위기가 임박했다는 징후가 없었다. 그러다 갑자기 상황이 확 변했다”며 “2010년부터 2015년 사이 많은 나라에서 Z세대와 일부 후기 밀레니얼 세대의 정신 질환 비율이 증가한 반면, 그보다 윗세대는 추세에서 벗어나 있었다”고 연구의 결론부터 공개한다.그리고 왜 ‘청소년 불안과 우울이 국제적으로 동시에 증가’했는지, 이유를 분석해나간다.저자에 따르면 스마트폰과 SNS가 현재의 모든 청소년 문제의 원흉이다. 이것들은 불안의 증폭기다.인간은 본능적으로 위협이 도사리고 있을 가능성이 있는 상황에서 불안을 느끼고 경계한다. 그런데 이런 경보벨은 단지 신체적 위협에만 반응하지 않는다. 인간은 큰 뇌와 사회적 집단을 형성하는 능력으로 진화적 이점을 누렸지만, 대신 따돌림을 당하거나 모욕을 받는 등사회적 위협에도 긴장 상태가 되는 약점을 가지게 됐다. 특히청소년은 신체적 죽음보다도 사회적 죽음을 더 염려하는 집단이라고 저자는 강조한다.저자는 “콘텐츠가 영원히 살아남고 모두가 그것을 볼 수 있는 SNS 시대에는 작은 실수조차 큰 비용을 치러야 한다”며 “실수를 하면 전혀 일면식도 없는 다수로부터 심한 비판을 받는데, 이는 청소년에게 최악의 환경”이라고 단언한다.책 표지비난받을까 싶어 잔뜩 겁먹은 아이들은 그 또래 아이들의 특성인 ‘발견 모드’가 되는 대신 ‘방어 모드’로 초기 설정이 된다. 둘의 차이를 저자는 직관적으로 묘사하는데, 천적이 없는 섬에서 진화한 동물이 겁 없이 사람에게 가까이 다가와 탐색하는 것이 발견 모드라면, 늘 포식자의 위협 속에서 진화한 토끼나 사슴같은 동물처럼 언제나 바짝 긴장하는 것이 바로 방어 모드다.저자는 특히 요즘 여자아이들은 모조리 방어모드로 전환됐다고 단언한다. 소셜미디어가 남자 청소년보다 유독 여자 청소년에게 ‘쥐약’인 이유를 한 장을 할애해 조목조목 설명한다.먼저 여자아이들의 특징을 보자. 고민거리가 많은 사춘기에는 여러 명의 친구보다 정말로 자기 말을 경청해주고 지지해줄 단 한 명의 ‘절친’이 절실하다. 또 그 또래 여자 아이는 남자처럼 힘으로 찍어누르는 물리적 공격 대신 뒷담화 등으로 라이벌의 인간관계를 끊어버리는 심리적 공격을 사용하는 집단이기도 하다.이 두 가지 특징이 합쳐진 여성 청소년에게 소셜미디어의 효과는 상당히 파괴적이다. 우선 관계적 공격성을 쉽게 드러낸다. 한 명만 쏙 빼놓고 채팅방을 만들거나, 다이렉트메시지(DM)로 욕설을 보내는 등 방법은 무궁무진하다. 여기에 소셜미디어는 지위 경쟁을 공개적인 것으로 만들어 가까운 친구 몇 명을 사귀어서는 학교에서 도태되니 최대한 넓은 인맥을 가져야 한다고 그들을 압박한다.그 와중에 그녀들은 소셜미디어에 있는 수 백, 수 천명의 친구(팔로워)들은 내가 어려울 때 언제든 등을 돌릴 수 있다는 사실을 알고 있다. 그렇다보니 아이들은 계속 불안에 떨 수 밖에 없다.그 결과 우울증과 그 밖의 정신장애에 시달리며 진취적인 태도를 잃고 소극적으로 변한 10대 여성 청소년이 한 세대에 비정상적일 정도로 넘쳐나고 있다고 저자는 주장한다.저자는 부모의 양육 방식에 대해서도 근본적인 결함이 있다며 회초리를 든다. 부모들은 현실 세계에서는 아이가 도보 15분 거리의 학교마저 혼자 등교하지 못하게 할 정도로 과잉보호 하지만, 포르노와 폭력이 넘쳐나는 온라인 세계에서는 아이들을 무책임하게 방임하는 모순적인 모습을 보이고 있다고 지적한다.학교와 가정은 어떻게 위기에 빠진 아이들을 구해야 할까. 스마트폰을 사줬을 뿐인데, 되돌리기에는 너무나 많은 연구와 노력이 필요하겠다. 책에서도 일부 해법을 제시한다.불안 세대/조너선 하이트 지음·이충호 옮김/웅진지식하우스",https://n.news.naver.com/mnews/article/016/0002347061,103
조선 왕실이 즐기던 궁중 다과…내달 4일부터 '경복궁 생과방',2024.08.08. 오전 10:39,"12∼18일 예매권 신청 거쳐 추첨제로 진행'경복궁 생과방' 행사 모습[국가유산청 제공. 재판매 및 DB 금지](서울=연합뉴스) 김예나 기자 = 국가유산청 궁능유적본부와 국가유산진흥원은 다음 달 4일부터 10월 31일까지 '경복궁 생과방'을 연다고 8일 밝혔다.조선 왕실의 별식을 만들던 생과방에서 궁중 다과를 맛볼 수 있는 행사다.다과는 대추인절미병 묶음(세트)과 주악 세트 중 하나를 선택하면 된다. 쌀엿강정, 호두정과, 참외정과 등의 간식과 차를 즐길 수 있다.생과방 행사는 추첨제로 진행할 예정이다.12일 오후 2시부터 18일까지 티켓링크에서 예매권을 신청한 뒤, 당첨되면 관람을 원하는 날짜와 시간을 선택해서 예약하면 된다. 계정(ID)당 최대 2매까지 신청할 수 있다.회당 정원은 32명으로, 약 1시간 10분간 진행된다.경복궁이 문을 닫는 매주 화요일에는 행사가 열리지 않는다. 유료 행사.'경복궁 생과방' 다과 세트[국가유산청 제공. 재판매 및 DB 금지]yes@yna.co.kr",https://n.news.naver.com/mnews/article/001/0014862872,103
"[날씨] 낮 동안 폭염 이어져‥중부 비, 남부 소나기",2024.08.08. 오전 9:41,"[930MBC뉴스]거리를 걷다 보면 덥다는 말만 수십 번 듣는 요즘이죠.이 무더위가 힘든 건 사람뿐 아니라 나무도 예외는 아닌 것 같습니다.어제의 강릉인데요.이렇게 가로수마다 물주머니를 달아서 한껏 끓어오른 열기를 식혔습니다.이 더위가 밤사이에도 식지 못해서 열대야가 연일 이어지고 있습니다.오늘로써 서울이 18일째, 20일째, 제주는 무려 24일째입니다.오늘 낮 동안에도 폭염은 어김없이 이어지겠습니다.한편 오늘 아침 서울에도 호우경보가 내려질 정도의 강한 비가 지났는데요.현재 비구름은 충남 지역에 머물고 있고 보령시로는 시간당 30mm 안팎의 비가 강하게 내리고 있습니다.앞으로 인천과 경기 남서부에 60 이상, 서울과 수도권에 10에서 50mm가량의 비가 오락가락하겠는데요.남부 지방은 대기 불안정으로 인해서 소나기 소식이 있습니다.이 비나 소나기가 오는 곳에서는 벼락과 돌풍이 불며 요란하겠습니다.오늘 중부 지방은 대체로 흐리겠고요.남부 지방은 가끔 구름이 지나는 가운데 소나기 소식이 있습니다.최고 기온을 보시면 서울이 33도, 광주 33도, 대구 36도까지 오르겠습니다.내일은 동쪽 지방에, 모레는 전국에 소나기 소식이 있습니다.날씨였습니다.MBC 뉴스는 24시간 여러분의 제보를 기다립니다.▷ 전화 02-784-4000▷ 이메일 mbcjebo@mbc.co.kr▷ 카카오톡 @mbc제보",https://n.news.naver.com/mnews/article/214/0001366571,103
올해는 광복절 이후로도 덥다…예년과 달리 높은 기온 유지,2024.08.08. 오후 12:02,"풍향 남서풍→동풍 바뀌면서 백두대간 서쪽 더위 심화 가능성동해안은 낮 기온 조금 낮아져…습도도 다소 떨어질 듯무더위 식히는 살수차 물줄기(광주=연합뉴스) 정다움 기자 = 폭염 특보가 연일 이어지는 8일 오전 광주 서구 치평동 한 도로에서 살수차가 물을 뿌리고 있다. 2024.8.8 daum@yna.co.kr(서울=연합뉴스) 이재영 기자 = 광복절쯤이면 더위가 한풀 누그러지는 예년과 달리 올해는 2018년처럼 광복절 이후로도 무더위가 지속할 수 있다고 기상청이 8일 밝혔다.기상청에 따르면 8일 북쪽에서 남하한 기압골이 중부지방을 지난 뒤 9일 대기 중상층 티베트고기압과 북태평양고기압이 세력을 재차 강화해 더위가 이어지겠다.현재 북태평양고기압이 우리나라 남서쪽에 자리해 고온다습한 남서풍이 불면서 찜통더위가 계속되고 있다.평년보다 해수면 온도가 2~3도 높은 뜨거운 서해를 지나는 남서풍이 체감온도를 높이고 밤사이 기온이 떨어지는 것을 막는 상황이다.이 때문에 밤(오후 6시 1분부터 이튿날 오전 9시까지) 최저기온이 25도 밑으로 내려가지 않는 열대야가 밤마다 나타나고 있다.올해 들어 이달 7일까지 전국 평균 열대야일은 13일이다.당분간 열대야가 반복될 것으로 보여 열대야일 역대 1위와 2위인 1994년(16.8일)과 2018년(16.6일) 기록을 제칠 가능성이 매우 크다.기상청은 광복절이 들어있는 다음 주에도 지금처럼 더울 것으로 내다봤다.이날 오전 발표된 중기예보를 보면 11일부터 18일까지 기온은 아침 23~26도, 낮 30~35도로 평년기온과 비교해 조금 높은 수준을 유지할 전망이다.다만 더위의 양상은 다소 달라지겠다.현재 북태평양고기압이 세력을 넓히며 중심을 북동쪽으로 옮겨가는 중으로, 다음 주 월요일인 12일께엔 동해상에 북태평양고기압 중심이 높이겠다.이에 지금처럼 서풍 계열 바람이 아닌 동해 쪽에서 동풍이 불겠다.동풍은 동해안 쪽 낮 기온이 오르는 것을 저지하겠다. 그러면서 강원 강릉 등 동해안 낮 최고기온이 현재보다 1~3도 낮은 30도 내외에 머물겠다.다만 동풍이 지날 동해도 해수면 온도가 28도 내외로 높아 동풍이 분다고 무더위가 완전히 가시거나 열대야가 그치지는 않겠다.백두대간 서쪽은 동풍이 더위를 심화시킬 가능성도 있다.바람이 산을 넘으며 한층 뜨거워지는 '푄 현상'이 발생할 수 있기 때문인데, 2018년 강원 홍천 기온이 41도까지 치솟고 서울은 39.6도까지 올랐을 때도 일본 쪽에서 태풍이 소멸하며 우리나라로 동풍이 불었기 때문이었다.다만 남서풍에서 동풍으로 풍향이 바뀌면서 습도는 다소 떨어지겠다.기상청은 ""기온이 높은 상황에선 1~2도만 더 올라도 온열질환자와 온열질환으로 인한 사망자가 급격히 늘어날 수 있다""라면서 당분간 주의를 요청했다.jylee24@yna.co.kr",https://n.news.naver.com/mnews/article/001/0014863238,103
"스타워즈 女주인공, ‘이 병’ 때문에 손 떨리고 심박수 증가 고백… 원인 뭐였길래?",2024.08.08. 오전 11:41,"[해외토픽]영화 ‘스타워즈’ 시리즈로 유명한 배우 데이지 리들리(32)가 그레이브스병 진단에 대해 처음 털어놓았다./사진=IMDb, 데이지 리들리 SNS영화 ‘스타워즈’ 시리즈로 유명한 배우 데이지 리들리(32)가 그레이브스병 진단에 대해 처음 털어놓았다.지난 6일(현지시간) ‘Women’s Health’는 데이지 리들리와의 단독 인터뷰를 공개했다. 인터뷰에서 리들리는 “그레이브스병에 대해 이야기하는 건 처음이다”며 “피부가 붉어지고 극심한 피로에 시달리니까 트레이너가 병원을 가보라고 해서 그때 진단받았다”고 말했다. 리들리는 작년 9월 그레이브스병을 진단받았다. 당시 리들리는 심박수가 빨라지고 체중이 감소했으며, 극심한 피로와 손이 떨리는 증상을 겪었다. 리들리는 “일하면서 생기는 스트레스 때문이라고 여겼는데, 쉽게 회복이 안돼 이상하다고 생각했다”며 “그레이브스병 때문에 갑상선 호르몬이 불안정해서 좀 더 건강을 신경 쓰게 됐다”고 말했다. 리들리가 겪고 있는 그레이브스병은 어떤 증상을 일으킬까?그레이브스병(Graves’ disease)은 갑상선 호르몬이 정상 수준보다 많이 분비되는 자가면역질환이다. 이 질환은 갑상선 호르몬의 분비를 자극하는 자가항체가 생성되면서 발생한다. 갑상선 호르몬은 체온 유지와 신진대사 등 몸의 여러 기능을 조절하는 호르몬으로, 갑상선에서 분비된다. 갑상선 호르몬이 과다하게 분비되면 몸의 에너지가 빨리 소모되면서 여러 증상이 나타난다. 대표적으로 ▲심박수가 빨라지고 ▲호흡 곤란 증세가 나타나고 ▲갑상선이 커져 목 앞쪽이 부풀어 오르고 ▲불면증이 생기고 ▲체중이 감소하는 등의 변화가 생긴다. 그레이브스병 환자 중 1/3은 갑상선 안병증이라는 안구질환도 나타날 수 있다. 눈의 이물감, 과도한 눈물이 나타나고, 증상이 진행되면 안구 돌출까지 이어질 수 있다.그레이브스병은 혈중 갑상선 호르몬이 지나치게 많아지는 갑상선 기능 항진증의 가장 흔한 원인이기도 하다. 갑상선 기능 항진증이 동반되면 합병증으로 부정맥이나 골다공증의 위험도 커진다. 이외에도 신진대사가 증가하면서 땀이 많이 나 습진, 가려움증, 발냄새 등이 심해지기도 한다.그레이브스병은 보통 약물 치료를 진행한다. 항갑상선제를 복용해 갑상선 호르몬 생산을 억제할 수 있다. 2~4개월 복용하면 갑상선 기능이 정상으로 돌아오며, 이를 유지하기 위한 치료를 2~3년 정도 더 진행한다. 환자들은 주기적으로 혈액검사를 받아 갑상선 호르몬 수치를 확인해야 한다. 이외에도 방사선 요오드에서 방출되는 방사선은 갑상선 세포의 성장과 기능을 떨어뜨려 치료 방법 중 하나로 쓰인다.환자에 따라 갑상선비대가 심하거나 부작용이 있다면 수술을 시도하기도 한다. 갑상선절제술은 갑상선 결절이 있는 엽만 절제하는 갑상선 일엽절제술과 양측엽을 절제하는 갑상선 전절제술이 있다. 수술은 목의 앞쪽을 절개해 진행하는 방식이 일반적이며, 최근에는 목에 절개를 하지 않고 겨드랑이나 입을 통해 절제하는 수술법도 개발됐다. 수술 이후에는 후두 신경 기능의 이상이 발생해 일시적 또는 영구적으로 목소리가 변하거나 성대 마비 등의 부작용을 겪을 수 있다. 특히 갑상선 전절제술을 하면 신체에 갑상선 호르몬이 부족한 상태가 돼 평생 갑상선 호르몬 제제를 복용해야 한다.",https://n.news.naver.com/mnews/article/346/0000078578,103
"[날씨] 열대야 심한 올여름, 말복 이후 계속...5호 태풍, 韓 영향 없어",2024.08.08. 오전 11:35,"이번 주말 중상층 고기압 강화…서쪽 폭염 예상올여름 폭염보다 열대야 더 심해…과거와 다른 여름열대야 일수 더 많아…지난달 평균 일수 역대 1위서울 연속 열대야 18일째…주말 사이 순위권 예상[앵커]올여름, 폭염보다 열대야가 심한 가운데 더위가 말복을 지나 광복절 이후까지 계속될 가능성이 있다는 전망이 나왔습니다.또 오늘 새벽 5호 태풍 마리아가 발생했지만 우리나라에는 별다른 영향이 없을 것으로 보입니다.취재기자 연결합니다. 정혜윤 기자![기자]네, 과학기상부입니다.[앵커]더위가 기세가 꺾일 줄 모르는 것 같네요 앞으로 말복 이후도 계속될 것 같다고요?[기자]네 그렇습니다.조금 전 기상청 정례브리핑에서 폭염과 열대야가 앞으로 말복과 광복절을 지나 이달 하순 이후까지 계속될 가능성이 크다는 전망이 나왔습니다.보통 한여름 더위는 말복이 지나면 점차 누그러드는데요.올여름은 북태평양 중심이 광복절 이후에도 한반도 동쪽으로 유지되면서 서쪽을 중심으로 고온이 유지될 가능성이 크다는 분석입니다.특히 이번 주말 사이 중상층 고기압이 다시 한번 강화하면서 서쪽 지방으로 폭염이 지속하거나 강화할 가능성이 있다는 전망입니다.올여름 우리나라는 두 개의 고기압 영향으로 폭염과 열대야가 길게 이어지고 있는데요특히 과거와 달리 열대야가 더 심한 상탭니다.지난달 전국 평균 열대야 일수가 이미 역대 1위를 기록했고, 서울의 경우 연속 열대야 일수가 현재 18일을 기록하고 있습니다.앞으로 열대야가 더 지속한다면 주말 사이에는 서울 연속 열대야 일수도 역대권 순위를 기록할 가능성 있습니다.[앵커]더위에 5호 태풍 발생 소식도 있죠?[기자]네, 오늘 새벽 일본 남쪽 해상에서5호 태풍 마리아가 발생했는데요우리나라에는 별다른 영향이 없을 것으로 보입니다.태풍은 계속 북상해 이번 주말쯤이면 중간 강도로 발달해 일본 도쿄 동쪽 해상 지나겠습니다.이후 다음 주 중반쯤 삿포로 북동쪽 해상에서 온대저기압으로 약화할 전망입니다.우리나라는 태풍 비바람으로 인한 직간접적인 영향은 없을 전망인데요.다만, 지난 최악의 폭염이 찾아온 2018년 8월 1일, 북태평양 고기압과 티베트고기압, 열적 고기압이 겹친 가운데, 태풍 '종다리' 가 이상 경로를 보이며 뜨거운 열기를 몰고 온 사례가 있습니다.앞으로 태풍 발생이 많아지는 시기인데다 태풍의 길이 한반도로 열릴 수 있는 시기인 만큼 지속적인 주의와 대비가 필요합니다.지금까지 과학기상부에서 YTN 정혜윤입니다.※ '당신의 제보가 뉴스가 됩니다'[카카오톡] YTN 검색해 채널 추가[전화] 02-398-8585[메일] social@ytn.co.kr",https://n.news.naver.com/mnews/article/052/0002071703,103
"[거대한 뿌리, 구미]<3> 박정희 구미와 중국",2024.08.08. 오후 12:31,"박정희 대통령 생가앞 새마을조각상◆흑묘백묘론(黑苗白描論)""공산주의가 아니어도 상관없다. 자본주의면 어떤가? 검은 고양이든 흰 고양이든 쥐만 잘 잡으면 되지 않은가? 중국 인민을 배불리 먹이고 잘 살 수 있게 하면 그만이다. 먼저 부자가 되라.""'흑묘백묘론'(黑苗白描論)과 '선부론'(先富論)을 앞세운 덩샤오핑(邓小平)의 개혁·개방정책의 성공은 '박정희 모델'을 전향적으로 수용, 중국에 접목한 결과였다. 마오쩌둥(毛泽东) 사후 중국공산당 지도부를 장악한 덩샤오핑은 개혁·개방에 대한 강한 확신을 가졌다.작지만 강한 이웃나라 대한민국이 채택해 성공한 경제발전모델을 따라가는 것 외에는 중국이 취할 수 있는 다른 방법이 없다는 것을 알았다. 공산주의라는 검은 고양이가 아니더라도, 자본주의라는 하얀 고양이를 선택하더라도 (8억)인민을 굶기지 않고 경제를 도약시키려면 무슨 짓이든 할 수 있다는 전향적인 자세로 개혁·개방정책을 추진했다.중국은 그 후 장쩌민과 후진타오를 거쳐 시진핑 시대에 이르러 세계 2위의 경제대국이 됐다. 마오쩌둥 시절 인민공사를 만들어 '대기근'으로 수천 만 명을 굶어 죽게 만든 정책실패와 '문혁'이라는 암흑기를 거친 중국으로서는 전면적인 외자 도입 등 개혁·개방 외에는 경제개발의 묘책이 없다는 것을 알았다.덩샤오핑은 경제모델 뿐 아니라 새마을운동도 그대로 도입했다. 후진타오 집권기에 중국 농촌에 불어 닥친 '신농촌 운동'이 그것이다. '신농촌'의 성공모델이 장쑤(江苏)성 '화시촌'(华西村)이다. 화시촌은 마을을 하나의 기업으로 운영하면서 공동의 부를 축적, 주민 모두가 잘사는 기업형 마을로 우리의 '새마을기업' 성공사례와 다를 바 없다.우리는 덩샤오핑의 개혁·개방정책의 상당부분이 박정희 모델을 따랐다는 것을 간과하거나 아예 몰랐다. 식민지에서 해방된 지 수년 만에 6.25 전쟁의 비극이라는 폐허 위에서 국내 자본은 커녕 미국과 국제기구 구호식량으로 연명하다시피 한 곤궁한 시절이었다, '보릿고개의 가난'을 직접 겪지 않은 우리 세대로서는 상상할 수도 없는 고통이었을 것이다.마오쩌둥 초상◆박정희 경제개발 모델 계승미국을 추격하는 경제대국 중국은 자신들의 경제적 성공이 박정희 모델을 충실히 계승했기 때문이라는 사실을 숨기지 않는다. 중국은 박 전 대통령 고향인 구미시와 우호협력도시 결연을 먼저 제안했고 교류협력도 강화하고 있다. 쓰촨(四川)성 광안(广安, 인구 460만 명)시는 2012년 구미시와 우호협력도시 협약을 맺고 매년 문화·관광 등 다양한 분야에서 교류협력하고 있다.광안은 덩샤오핑의 고향이다. 구미시는 1995년 마오쩌둥의 고향인 중국 후난(湖南)성 창사(长沙)와도 우호협력도시 협약을 맺고 광범위하게 교류를 해왔다. 창사의 지척지간에 마오쩌둥의 고향마을 '샤오산'(韶山)이 있다. 중국의 두 지도자 마오쩌둥과 덩샤오핑의 도시가 '박정희도시' 구미와 손을 맞잡았다.마오쩌둥의 생가를 많은 중국 참배객들이 찾고 있다.중국방문단이 구미시를 방문하면 반드시 구미에 자리한 '박정희 전 대통령 생가'와 박정희대통령역사자료관, 민족중흥관. 새마을테마공원을 차례로 찾는다. 구미방문단도 창사와 광안을 가면 샤오산 마오쩌둥 생가와 광안의 덩샤오핑 기념관을 찾는 것이 필수코스다. 양국 모두 상대국 지도자의 리더십에서 공통점을 찾아내고 경제개발의 노하우와 성과를 공유하고자 하는 노력의 일환이다.샤오산 마오쩌둥의 생가나 광안 덩샤오핑 기념관을 한 번이라도 간다면 그 규모나 그 곳을 찾아 나선 중국 참배객들의 수나 경건한 태도에서 엄청난 충격을 받을 것이다. 중국 인민들은 진심으로 오늘의 중국을 만든 지도자, 마오쩌둥과 덩샤오핑을 존중한다. 마오쩌둥의 경우 문화대혁명 등의 수많은 정책적 과오를 통해 인민을 굶어 죽이고 무고한 희생자를 냈지만 중국은 그런 과오(過誤)보다는 '신중국'을 건국한 공(功)을 더 높이 평가한다.아예 마오쩌둥은 '재물신'으로 승격돼 베이징 톈안먼(天安门)광장에 자리 잡았다. 그러나 구미 상모동 생가를 찾는 참배객의 숫자는 손에 꼽을 정도로 적다.박정희 생가를 찾는 참배객들. 사진은 생가 사랑방◆ 박정희 시대의 공과 재평가해야중국과 싱가포르와 대만이 있지만 국가주도 경제개발정책을 가장 성공적으로 이끌어 급속한 경제성장이라는 성과를 낸 나라는 박정희의 대한민국 외엔 없었다.황병태 전 주중대사는 한중국제학술세미나에서 ""박정희와 덩샤오핑 두 지도자는 리더십에서 공통점이 너무 많다""며 ""특히 세계가 부러워하는 경제개발 정책이 그렇다. 중국 부임 초기 덩의 아들 덩푸팡(邓樸方)이 자주 찾아와 한국의 경제개발을 많이 물었다. 덩샤오핑은 개혁·개방정책을 도입하면서 박정희 경제개발 모델을 많이 참고한 것으로 보인다.""고 밝히기도 했다.좌파적 시각에서 덩샤오핑과 리콴유 그리고 박정희 등 중국과 싱가포르, 한국의 지도자들의 리더십을 비판 분석한 윌리엄 이스털리는 <전문가의 독재>를 통해 ""중국과 싱가포르 그리고 한국의 경제발정은 덩샤오핑과 리콴유, 박정희 덕분이 아니며 오히려 그들이 개인의 자유를 억압했을 뿐""이라는 주장을 장황하게 늘어놓는다. 그런 주장의 근거로 한국의 경우 독재시절보다는 민주화된 이후의 경제성장이 더 잘 이뤄지고 있다며 현대자동차의 성장을 예로 들었다.그러나 민주주의는 극단적인 빈곤과 갈등이 있는 곳에서는 작동하지 않는다. 가난한 나라에서 민주주의라는 장미꽃이 활짝 핀 적은 없다. 거대야당은 온 국민에게 25만원을 뿌리자는 '민생회복지원금 특별조치법'을 단독으로 처리했다. 부자나 가난한 자나 공짜 싫어하는 사람은 없다. 정부의 곳간이 비어가는 적자 상태에서 IMF나 코로나사태 등의 위기상황도 아닌데 온 국민에게 현금을 뿌리겠다는 발상은 그저 돈으로 표심을 사겠다는 의도밖에 보이지 않는다.좌파는 경제적 평등, 공정을 최고의 가치로 여긴다. 대기업 성장위주의 재벌경제를 구축한 박정희 모델을 비판한다. 그러나 정부가 적극 개입, 경제정책을 이끌고 부의 재분배와 규제를 통해 균형경제를 구축해야 한다는 좌파들의 주장은 박정희모델과 궤를 같이 한다. 박정희는 민간자유기업이 경제를 이끌도록 했지만 시장에 모든 것을 맡기지는 않았다.'한강의 기적'이라는 신화는 그저 만들어진 것이 아니다. 한국과 더불어 아시아의 떠오르는 4용(龍)이라 불리던 '싱가포르와 대만 그리고 홍콩' 여기에 덧붙여 중국까지 어느 나라도 민주화를 먼저 이룬 후 경제발전에 성공한 나라는 없었다. 장기 집권한 리콴유 수상과 장징궈 총통이 싱가포르와 대만의 경제성장도 함께 이끌었다.물을 마실 때 그 근원을 생각하라는 '음수사원'(飮水思源))의 의미처럼 박정희 시대의 공과를 재평가해야 할 때가 됐다.서명수 객원논설위원(슈퍼차이나연구소대표) diderot@naver.com",https://n.news.naver.com/mnews/article/088/0000896993,103
스위프트 공연서 ‘IS 추종’ 용의자 테러모의 적발…오스트리아 콘서트 취소,2024.08.08. 오전 11:45,"오스트리아 빈  콘서트 직전 취소오스트리아 당국, ‘콘서트 공격 ’모의한 두 명 구금미국 팝가수 테일러 스위프트가 지난달 13일(현지시간) 에라스 투어 콘서트 일정으로 이탈리아 밀라노의 산 시로(San Siro) 경기장에서 공연하고 있다. [EPA][헤럴드경제=김영철 기자] 미국 팝스타 테일러 스위프트의 오스트리아 빈 콘서트가 공연장을 겨냥한 테러 공격 모의 계획이 적발되면서 7일(현지시간) 급작스럽게 취소됐다.로이터 통신에 따르면 이번 공연 주최 측은 콘서트 전날인 이날 밤 오스트리아 정부가 공연장 공격 계획을 확인, 오는 8∼10일 빈에서 예정돼 있던 스위프트의 콘서트 3건이 취소됐다고 발표했다.콘서트 주최 측은 인스타그램에 “에른스트 하펠 경기장에서 계획된 테러 공격에 대한 정부 당국자들의 확인이 있어 우리는 모두의 안전을 위해 예정된 3건의 공연을 취소할 수 밖에 없다”고 밝히고 모든 티켓은 자동 환불될 것이라고 덧붙였다.카를 네하머 오스트리아 총리는 소셜미디어 엑스(X·옛 트위터)에 올린 글에서 “위협이 조기에 확인돼 방지됐고 비극을 막았다”면서 자국 경찰 당국에 감사의 뜻을 밝혔다.프란츠 루프 오스트리아 공공안전 국장은 이날 밤 기자회견에서 자국 경찰이 이날 이번 콘서트 공격을 모의한 혐의로 두 명을 구금했다고 밝혔다.그는 용의자 중 한 명은 이슬람 극단주의 무장세력 이슬람국가(IS)에 충성을 맹세한 19세의 오스트리아 시민이라고 설명했다. 그는 “수사 중 우리는 준비 활동을 확인했고 19세의 용의자가 테일러 스위프트의 빈 콘서트에 특히 초점을 맞춘 것에 주목했다”고 말했다.현지 경찰은 오스트리아에 있는 용의자 중 한명의 자택을 수색해 압수 물품을 분석 중이다.스위프트의 이번 공연은 지난해 3월 미국에서 시작돼 올해 12월 캐나다에서 마무리되는 ‘에라스 투어’의 일부다. 사흘간 예정된 빈 콘서트에서는 매일 6만5000명가량이 참석할 것으로 예상됐다.북미와 남미를 거쳐 지난 5월부터 유럽을 돌고 있는 스위프트는 빈에 이어 오는 15일부터 영국 런던 웸블리 스타디움에서 6건의 콘서트를 소화하기로 돼 있다.",https://n.news.naver.com/mnews/article/016/0002347216,104
"글로벌 시장 ‘뇌관’ 부상한 엔화...“엔캐리 청산, 이제 시작”",2024.08.08. 오전 11:21,"세계 금융시장 곳곳 저리 엔화 활용 투자日 기준금리 0.25% 인상에 청산 대열총 5000억달러 중 약 2000억달러 철수다급해진 BOJ “추가 금리인상 없다” 진화‘엔 캐리 트레이드’ 청산이 글로벌 금융시장을 뒤흔들고 있다. 사진은 일본 도쿄에서 한 시민이 엔/달러 환율 전광판을 지나가고 있는 모습 [AFP]‘엔 캐리 트레이드’ 청산이 글로벌 금융시장 변동성을 키우는 뇌관으로 부상했다. 일본은행(BOJ)이 지난달 말 기준금리를 인상하면서 엔화 가치가 반등하자 엔 약세에 베팅했던 자금이 대규모 철수했고 글로벌 증시 폭락장이 연출됐다. BOJ가 추가 금리 인상 자제를 밝히면서 급한 불은 껐지만 엔 캐리 트레이드 청산이 증시에 지속적인 암초가 될 것이라는 전망이 나오고 있다.7일(현지시간) 블룸버그통신은 ‘일본, 글로벌 투자자들의 걱정거리로 전락’이라는 제하의 기사에서 “주가 급등과 엔저로 지난 1년간 투자자들의 사랑을 받아온 일본이 시장과 경제에 대한 세계의 기대를 완전히 뒤집어 놓는 데 일주일도 걸리지 않았다”고 말했다. 세계 금융 시장 곳곳에 침투한 엔 캐리 트레이드 자금이 일본으로 철수하면서 글로벌 시장에 대규모 충격을 가했다는 의미다.엔 캐리 트레이드란 저렴한 엔화를 빌려 고금리 국가의 자산에 투자하는 행위를 말한다. 저리의 엔화 자금을 활용하는 글로벌 시장이 워낙 넓기 때문에 자금 이동 규모를 정확하게 파악하긴 어렵다.파이낸셜 타임스(FT)에 따르면 제임스 맬컴 UBS 글로벌전략가는 2011년 이후 누적된 달러-엔 캐리트레이드 규모를 약 5000억달러(약 688조9500억원)로 추산했고, 이 가운데 절반은 지난 2~3년 사이 쌓인 것으로 판단했다.투자은행 도이치방크는 1990년 이후 누적된 엔 캐리 트레이드 자금이 20조달러(약 2경7520조원)에 이를 것으로 추산했다.하지만 지난달 31일 BOJ가 기준금리를 연 0~0.1%에서 0.25%로 인상하며 통화정책 변화를 예고하자 엔화 약세에 베팅했던 투자자들은 손실을 우려해 서둘러 청산에 나섰다. 저금리에 엔화를 빌려 미국 기술주 등에 투자했던 자금을 회수했고, 이를 엔화로 바꾸는 과정에서 엔화 강세를 부추겼다.7월 3일 달러당 161엔대로 치솟은 엔화는 8월 5일에 장중 141엔까지 떨어졌다. 일본 대표 지수인 닛케이 225 평균 주가는 이날 12.4% 폭락했고, 코스피는 8.77%, 코스닥은 11.3% 떨어졌다. 미국 뉴욕증시 주요 지수는 2년 만에 최대 폭으로 떨어지며 글로벌증시에 블랙먼데이가 연출됐다.JP모건 등 월가 투자은행들은 최근 몇 주 간 엔캐리 트레이드가 50~60%가량 청산됐다고 추정하고 있다. 맬컴 전략가도 엔캐리 트레이드 전체 자금 5000억달러 중 약 2000억달러(275조7000억원)가 철수됐다고 봤다.벤자민 샤틸 JP모건 통화전략가는 “엔 캐리 트레이드 자금이 얼마나 큰지, 또는 지금 얼마나 많은 돈이 풀렸는지 정확히 알지 못한다”며 “다만 분명한 것은 단기 차익을 노린 캐리트레이드는 철수했다는 것”이라고 말했다.전문가들은 대규모 자금 유출은 일본 경제를 비롯한 세계 경제에도 악영향을 미칠 수 있다고 진단했다. 히로후미 스즈키 스미모토 미쓰이은행 외환 전략가는 “시장의 불확실성이 커지면 소비와 투자가 억제되는 위험이 있다”며 “계속되면 기업과 가계에도 영향을 미칠 수 있다”고 말했다.블랙록의 웨이 리 글로벌 수석투자전략가는 과거와 비교해 이번 엔캐리 트레이드 청산 속도를 과도한 반응으로 평가하면서 “일본에 경기침체 두려움 이상의 것이 작용할 수 있음을 시사한다”고 지적했다. 리 전략가는 “이러한 상황이 지속된다면 전 세계에 영향을 미칠 수 있다” 전망했다.엔화 자금이 증시 폭락의 기폭자가 됐다는 비판 속에 BOJ는 서둘러 진화에 나섰다. 우치다 신이치 일본은행 부총재는 7일 기자간담회에서 “시장이 불안정한 상황에서 추가적인 기준금리 인상은 없을 것”이라며“주식시장 변동성도 기업 활동과 소비에 영향을 미치는 만큼 BOJ의 정책 결정에 영향을 미칠 수 있다”고 말했다. 이날 달러당 엔화 환율은 146엔대로 오르며 진정됐다.니혼게이자이(닛케이)신문은 일본은행 관계자들의 말을 인용해 “금리 인상 후 증시가 하락할 것이라 예상은 했지만 그 정도는 예측할 수 없었다”며 “지금은 시장을 배려한 말만 할 수 있다”고 전했다.BOJ의 비둘기파(통화정책 완화)적 발언이 시장을 진정했지만 엔 캐리 트레이드 청산은 이제 시작이라는 의견도 나온다. 헤지펀드에 이어 가계, 기업 등 일반적인 투자자들까지 가세하면서 엔 캐리트레이드 철수가 더 늘어날 수 있다는 이유에서다.다카시마 오사무 씨티은행 통화분석가는 “현재 (엔화) 조정은 시작에 불과하다”고 전망하면서 2026년까지 엔/달러 환율이 129엔를 기록한 뒤 2027년까지 116엔 기록할 수 있다고 추정했다. 김빛나 기자",https://n.news.naver.com/mnews/article/016/0002347170,104
"JP모간 회장 ""美 경제 침체 가능성…연착륙 확률 40%""",2024.08.08. 오전 11:19,"이 기사는 국내 최대 해외 투자정보 플랫폼한경 글로벌마켓에 게재된 기사입니다.미국 최대 은행인 JP모간체이스의 제이미 다이먼 회장 겸 최고경영자(CEO)가 미국 경제가 침체에 빠질 수 있다는 경고를 전했다.다이먼 회장은 7일(현지시간) 미국 경제방송 CNBC와의 인터뷰에서 “미국 경제가 연착륙할 가능성을 종전과 같은 35~40%로 전망한다”며 “경기 침체를 가장 유력한 시나리오로 보고 있다”고 밝혔다. 이는 다이먼 회장이 몇 달 전 밝힌 견해와 비슷한 수준이다. 지난 4월 인터뷰에서 그는 “시장이 미국 경제의 연착륙 가능성을 70% 수준으로 너무 낙관적으로 보고 있다”며 “나는 그 절반 정도로 본다”고 언급했다.다이먼 회장은 경제에 불확실성이 너무 많다는 점을 지적했다. 그는 “나는 항상 지정학적 긴장, 주택, 재정적자, 가계지출, 양적 긴축, 대선 등 모든 것들이 시장을 불안하게 만든다고 지적해왔다”고 강조했다. 그러면서도 신용카드 연체율이 상승하고는 있지만 미국이 현재 침체상황은 아니라고 진단했다.미국 중앙은행(Fed)이 인플레이션을 목표치인 2%로 낮출 수 있을지에 대해서는 “약간 회의적”이라면서 인플레이션이 반등할 수 있다는 기존 입장을 재확인했다.차기 정부 내각에 합류하는 것을 고려하고 있냐는 질문에는 “나는 지금 내가 하는 일을 사랑한다(I am very happy with what I am doing)”며 답을 피했다. 트럼프 전 대통령은 대선 승리 시 재무장관 후보로 다이먼 회장을 고려한다고 말했다가 번복한 바 있다.한경제 기자",https://n.news.naver.com/mnews/article/015/0005019550,104
"""이란 대통령, 최고지도자에 '이스라엘과 전쟁 피해야' 간청""",2024.08.08. 오후 1:03,"이란 인터내셔널, 8일 소식통 인용보도…""페제시키안, 국내 경제붕괴 우려""""간청 들은 하메네이, 별다른 반응 안보여…혁명수비대는 군사적 강경책 압박""세르게이 쇼이구 러시아 국가안보회의 서기(왼쪽)가 5일(현지시간) 이란 수도 테헤란에서 마수드 페제시키안 이란 대통령과 회담하고 있다. 2024.08. ⓒ 로이터=뉴스1 ⓒ News1 김성식 기자(서울=뉴스1) 김성식 기자 = 마수드 페제시키안 이란 대통령이 자국 최고 지도자 알리 호세인 하메네이에게 이스라엘과의 전쟁을 피해야 한다며 팔레스타인 무장정파 하마스의 정치 지도자 피살 사건에 대한 군사적 보복을 자제해 달라고 간청한 것으로 알려졌다.영국 런던에 본부를 둔 이란 반(反)체제 매체인 TV 채널 '이란 인터내셔널'은 8일(현지시간) 사안에 정통한 복수의 소식통을 인용해 최근 페제시키안 대통령이 하메네이와 만나 원치 않은 전쟁에 휘말릴 경우 이란 경제가 붕괴될 수 있다며 대(對)이스라엘 공격 자제를 간청했다고 단독으로 보도했다.이에 따르면 페제시키안 대통령은 이란이 이스라엘 본토를 공격할 경우 이란 내 기반 시설과 에너지 자원이 이스라엘에 의해 파괴돼 이란 경제가 무너지고 체제 유지에도 심각한 위협이 된다고 경고했다. 그러나 대통령의 간청을 들은 하메네이는 별다른 반응을 보이지 않았다고 소식통들은 입을 모았다.소식통들은 페제시키안 대통령이 이처럼 신중론을 펼친 건 군사·안보에 대한 지식과 경험이 부족해서가 아니라 철저히 국익에 기반했기 때문이라고 두둔했다. 지난달 30일 취임한 페제시키안 대통령은 선거운동 기간 서방과의 관계 개선과 제재 해제를 통한 경제 성장을 공약했는데, 이스라엘과의 전면전이 벌어질 경우 모든 계획이 물거품이 될 수밖에 없다.페제시키안 대통령은 그간 대외적으로는 이스라엘에 대한 보복은 어떤 형태로든 불가피하다는 입장을 견지해 왔다. 지난 6일 수도 테헤란에서 세르게이 쇼이구 러시아 국가안보회의 서기와 회담했을 때 ""이란은 역내 위기를 확대하진 않겠지만 이스라엘은 자신들의 범죄 행위에 대한 대가를 확실히 받게 될 것""이라고 말했다.전날 에마뉘엘 마크롱 프랑스 대통령과의 통화에서도 ""이란은 적절한 대응을 할 권리가 있다""며 중동 지역의 확전을 막고 싶다면 서방이 먼저 이스라엘을 상대로 가자 전쟁 휴전을 촉구하라고 직격했다. 이날 소식통들은 페제시키안 대통령이 하메네이 친위대인 이란 이슬람혁명수비대(IRG)로부터 군사적 강경책을 압박받고 있다고 지적했다.이스라엘은 지난달 30일 레바논 수도 베이루트를 표적 공습해 수니파 무장정파 헤즈볼라의 고위 군사령관 푸아드 슈크르를 사살했다. 같은 달 31일에는 하마스의 정치 지도자 이스마일 하니예가 페제시키안 대통령 취임식 참석차 테헤란을 방문하던 도중 숙소에서 피살됐다.하메네이는 하니예 피살을 이스라엘의 소행으로 보고 즉각 '이란의 군사적 보복은 의무'라고 천명했다. 여기에 이스라엘도 이란 공격 시 맞대응을 예고하면서 지난해 10월 하마스의 이스라엘 기습으로 시작된 가자지구 전쟁이 중동 전역으로 확산할 위기에 놓였다.팔레스타인 무장정파 하마스의 정치국 최고 지도자 이스마일 하니예가 30일(현지시간) 마수드 페제시키안 이란 대통령의 취임식에 참석하기 위해 테헤란을 방문 중 아야톨라 세예드 알리 하메네이 이란 최고 지도자와 만나고 있다. 2024.07.30. ⓒ AFP=뉴스1 ⓒ News1 우동명 기자",https://n.news.naver.com/mnews/article/421/0007718555,104
"제주 4·3에 대한 김형석 독립기념관장의 해괴한 논리 [김종성의 '히, 스토리']",2024.08.08. 오전 11:27,"[김종성의 히,스토리] 공공의 책무를 맡을 자격 있는지 검증해야▲독립기념관 제13대 관장으로 임명된 김형석 재)대한민국 역사와 미래 이사장ⓒ 독립기념관김형석 신임 독립기념관장은 일제강점기뿐 아니라 제주 4·3에 대해서도 극우적 성향을 표출한다. 4·3에 대한 그의 인식은 그가 우리 사회 공공의 문제를 다룰 자격이 있는지를 의심하게 만든다.김형석 관장의 4·3 인식에 대해 민주당 제주도당은 7일 성명에서 ""제주 4·3을 왜곡하고 일제강점기를 미화하는 등 그릇된 역사인식을 가진 김형석 재단법인 대한민국역사와미래 이사장이 독립기념관장에 임명됐다""며 ""김형석 이사장은 제주 4·3에 대한 역사학계의 해석에 대해 '남로당의 5·10선거 방해 책동에서 비롯된 폭동을 희석하기 위해 정치적으로 해석하고 있다'고 말해 논란을 빚은 인사""라고 비판한다.김형석 관장이 4·3을 공산 폭동으로 왜곡했다는 이 성명은 그의 인식에 대한 온건한 비판에 속한다. 그의 글을 읽어보면 그가 그 정도에 머물지 않고 꽤 해괴한 논리까지 제시하고 있음을 알 수 있다.4·3의 성격을 어떻게 규정하든, 그 당시의 살상이 제주도 일반 민중에게 집중됐다는 점은 부정할 수 없다. 4·3 학살의 피해자는 제주도민이고 가해자는 미군정·이승만정권·서북청년단(서북청년회)이라는 점은 움직일 수 없는 사실이다.그런데 김형석 관장은 너무 엉뚱한 글을 블로그에 공개했다. 4·3이 '기독교 대 제주도민의 대결'인 듯한, 제주도민이 가해자이고 기독교가 피해자인 듯한 인상을 조성하는 글이 그의 블로그에 있다.2020년 6월 3일에 쓴 '제주 4·3사건 어떻게 볼 것인가?'에서 그는 ""그동안의 진상조사는 '토벌대(우파)에 의한 제주도민(민중)의 학살'이라는 도식에 맞추어졌다""는 말로써 피해자-가해자 구도에 관한 기존의 통설을 거론한다. 그런 뒤 이와 배치되는 말을 한다. 그는 흔히 유격대로 불리는 제주 저항세력을 ""무장한 폭도들""로 지칭한 뒤 이들에 대해 이런 말을 한다.""그들은 기독교에 대해서 매우 강한 적대감을 가지고 있었다. 진압군으로 들어온 서북청년단에 기독교인이 많았던 것이 주된 이유였다. 이로 인해 4·3사건 당시 불태워진 교회가 4개나 되었다.""일반인 사상자보다 반란군 사상자가 훨씬 많은 것처럼 허위 보고기독교가 4·3의 피해를 입었다는 근거로 그가 제시한 것은 <대한예수교장로회 총회록(1947~1955)>에 나오는 강문호 목사의 1949년 4월 보고다. 보고 내용은 이렇다.""제주도는 개벽 이래 처음 보는 민족 항쟁의 처참한 사태에 빠져 사상자가 양민 1512명, 반도가 수만 명, 가옥 소실은 3만 4611동, 이재자는 8만 6757명, 학교 소실은 초등학교 175학교, 중등학교 11개교, 교회 관계 피해는 피살자가 15명인데, 이도종 목사는 작년 6월 16일 교회로 가던 도중에 납치된 후 종적이 없사오며, 허성재 장로는 중학생에게 살해를 당하였고, 서귀포교회 임씨는 예배당 소제를 하던 중 폭도에게 피해를 당하였고, 교회 건물 피해는 서귀포·협재·삼양·조수 등 4개처 예배당이 소실되고, 서귀포·새화 등 2처의 목사 댁이 소실되었고 ······.""강문호 목사의 보고 중에서 ""사상자가 양민 1512명, 반도가 수만 명""이라는 부분은 사실 왜곡이다. 일반인 사상자보다 반란군 사상자가 훨씬 많은 것처럼 허위 보고한 것은 4·3이 공산반란처럼 비치게 하기 위해서라고 볼 수 있다.김형석 관장은 4·3 희생자 수만 명 중에서 15명이 교회 관계자이고 피해 건물 약 3만 5000동 중에서 4곳이 교회 건물이라는 점을 위와 같이 제시한 뒤, 자신과 똑같은 주장을 했던 과거의 인물을 소환한다. 1989년에 <4·3사건 진상>을 펴낸 조남수 목사(1914~1997)를 불러낸다. 김 관장은 조남수 목사의 주장을 이렇게 요약했다.""조남수 목사는 구술증언 채록과 저술을 통해 4·3사건은 '우파에 의한 좌파 토벌 과정에서 발생한 민중의 억울한 희생'이라는 도식 외에 '좌파에 의한 교회 파괴와 기독교인 학살'이라는 또 다른 역사적 사실을 제기하였다.""4·3을 '좌파에 의한 기독교인 학살'로 규정하는 관점을 언급한 직후, 김 관장은 위 보고에 나오는 이도종 목사의 손자인 이동해 장로의 2018년 3월 27일 자 <뉴스앤조이> 인터뷰를 소개한다. 인터뷰에서 이동해 장로는 4·3을 폭동으로 규정한 뒤 할아버지 이도종이 정당한 민중항쟁의 대상이 아닌 무고한 피해자임을 강조했다.김 관장은 '4·3은 좌파에 의한 기독교 탄압'이라는 조남수 목사의 주장과 '기독교 목사 이도종이 피해자'임을 강조하는 이동해 장로의 호소를 연달아 소개한 뒤 ""제주 4·3사건의 정치적·이념적 판단은 배제하고 객관적이고 공정한 진상규명을 통해서 우리 현대사가 바르게 정리되고 반목과 갈등을 넘어 하나되는 대한민국 건설에 기여할 수 있기를 기대한다""는 말로써 글을 맺었다.사실 외면한 김형석 관장4·3 때 일부 목사와 교회가 피해를 입은 것은 안타까운 일이다. 그렇다고 이를 근거로 4·3의 성격을 규정하는 것은 무리다. 김형석 관장이 제시한 강문호 목사의 보고에도 나타나듯이 토벌군에 의해 제주도민들이 대거 희생되는 것이 이 사건의 특징이다. 김 관장이 제시한 통계치는 그의 주장을 입증해 주기보다는 오히려 반박하는 자료에 가깝다.기독교가 4·3의 주된 피해자인 듯한 인상을 조장하는 김형석 관장의 글은 4·3 당시의 실제 상황과 어울리지 않는다. 4·3항쟁 74주년을 앞둔 2022년 3월 31일 방송된 제주BBC '아침저널 제주'에서 이정훈 제주 늘푸른교회 목사는 당시 상황에 관한 증언 가운데 '서북청년단이 빨갱이를 찾아내기 위해 집안에 들어갔을 때 십자가나 성경이 있으면 그 집안은 살려줬다'는 이야기를 소개했다. 십자가와 성경이 일종의 부적 역할을 했다고 이정훈 목사는 설명했다.당시의 목사들 중에는 성직자답지 않게 가해자 편에 서는 이들도 있었다. 2022년에 <평화와 종교> 제14호에 실린 안신 배재대 기독교사회복지학과 교수의 논문 '제주 4·3사건과 종교 그리고 평화'는 ""심지어 집단학살의 과정에서 목회자가 선별 절차에 관여했다는 증언까지"" 나왔다고 말한다.심지어는, 기독교가 가해자였다는 해석을 가능케 하는 자료도 존재한다. 위 제주BBC 방송에서 진행자인 이병철 방송부장이 ""4·3과 기독교의 상호 연결고리는 한경직 목사님께서 서북청년단 얘기를 꺼내면서 시초가 됐다고 알고 있다""고 말하자, 이정훈 목사는 동의를 표하면서 한경직 목사의 생전 발언을 이렇게 소개했다.""그때 공산당이 많아서 지방도 혼란하지 않았갔시오. 그때 서북청년회라고 우리 영락교회 청년들이 중심 되어 조직을 했시오. 그 청년들이 제주도 반란사건을 평정하기도 하고 그랬시오. 그러니까 우리 영락교회 청년들이 미움도 많이 사게 됐지요.""이정훈 목사의 발언은 안신 교수의 논문에도 인용돼 있다. 김형석 관장이 말한 것과 전혀 다른 방식으로 기독교가 4·3에 개입한 사실이 한경직 목사의 입에서 나왔던 것이다.2018년 4월 3일 한국기독교교회협의회(KNCC) 정의평화위원회 및 인권센터는 4·3의 상처를 언급하면서 ""이 질곡의 역사 속에 교회는 분단과 냉전을 신학적으로 정당화하면서 빛을 잃고, 일부는 신앙의 이름으로 자매·형제·부모 그리고 이웃을 총칼 앞에 서게 했습니다""라며 참회의 성명을 발표했다. 이런 성명이 기독교에서 나온 것은 한국 교회도 책임이 있기 때문이다.이런 사실을 외면한 채 김형석 관장은 ""4·3사건 당시 불태워진 교회가 4개나 되었다""며 이 역사적 사건의 본질을 호도한다. 그러면서 제주도민들과 저항세력이 가해자인 듯한 인상을 조성한다. 4·3 때 희생된 기독교인들의 아픔과 더불어 토벌대에 희생된 수만 명의 아픔도 함께 헤아려야 하는데도 김형석 관장은 그렇게 하지 않았다. 독립기념관장 직책을 떠나, 사회 공공의 책무를 맡을 만한 자격이 있는 검증해 볼 필요가 있다.",https://n.news.naver.com/mnews/article/047/0002442345,104
“해외주식 하락해도 중국 보다 낫다”…진퇴양난 中 개미들 ‘안간힘’,2024.08.08. 오후 1:18,"美·日 주식 투자한 中 개미들…“펀더멘털 믿어, 다시 오를 것”SCMP “中 경제·부동산 부문 침체로 선택 여지 없어”중국 상하이의 주식 전광판 [로이터][헤럴드경제=정목희 기자]미국, 일본 등에 투자한 중국 개미들은 급등락 장세에도 중국 시장보다는 해외 증시를 택하고 있다고 7일 홍콩 사우스차이나모닝포스트(SCMP)가 보도했다.중국 금융 데이터 제공업체 윈드(Wind)의 통계에 따르면 중국의 해외 투자 ETF 128개 중 127개가 5일 손실을 입었다. 중국의 주요 증권사들이 관리하는 여러 펀드들도 9% 이상 하락을 기록했다.이같은 급락에도 중국 투자자들은 해외 주식을 유지하려는 의지가 강한 것으로 나타났다. 중국 장쑤성 쑤저우의 고등학교 교사 장씨는 “일본 증시가 급락하며 투자한 상장지수펀드(ETF)에서 약 3만위안(약 575만원)이 빠졌다. 4개월치 급여를 잃은 셈”이라며 “그러나 2021년 당시 A주식(중국 주식)으로 본 손실에 비하면 작은 편이다”고 SCMP와의 인터뷰에서 말했다. 그는 최근 몇 년 동안 상하이종합지수가 3000선을 넘지 못해 실망했다고 밝혔다.장씨는 일본이 더 강력한 경제 펀더멘털(기초 체력)을 갖고 있다고 믿기 때문에 일본 시장이 반등할 것을 기다리고 있다고 말했다. 그는 “나는 일본 주식까지 최악의 상황에 처할 것이라고 보지 않는다. 계속 해외 시장에 베팅할 것”이라며 “그러나 국내 경제도 예의주시하며 (매수) 기회가 있는지 지켜볼 것”이라고 덧붙였다.SCMP는 “침체된 중국 주식과 부동산 부문은 중국 개인투자자들에게 선택의 여지를 거의 남기지 않았으며, 이들 중 많은 사람들이 서구 시장이나 아시아 중 다른 나라의 시장에 투자하고 있다”고 전했다.중국 경제가 팬데믹 이전 안정세로 돌아가려 시도하고 있지만 여전히 회복세는 더딘 상황이다. 올 상반기 상하이종합지수는 보합세에 머물고, 홍콩 항셍지수는 지난 5월 고점 대비 15% 하락했다.미국 경기침체에 대한 우려, 빅테크 버블(거품)에 대한 우려, 일본 엔화가치의 급격한 상승 등으로 지난 5일 닛케이225 평균주가(닛케이지수)가 12.4% 급락했다. 하지만 하루 만에 10% 넘게 반등했다.암호화폐에서도 중국 개인투자자들은 투자금을 빼지 않으려 한다고 SCMP는 전했다.인후이성 허페이시에 사는 익명의 중국 투자자는 2018년 자산의 거의 3분의 1을 비트코인에 투자했다. 그는 5일 폭락에도 불구하고 투자금을 유지하겠다고 말했다. 그는 “현재 비트코인의 가치는 낮지만 추세에 따라 등락한다”며 “미국은 9월부터 금리 인하 사이클을 시작할 것으로 예상되며, 이후 가치는 절상될 것이다. 연 20%의 복합 수익률을 기대하고 있다”고 예측했다.홍콩 컨설팅 업계에서 일하는 중국 본토 출신 올리비아 왕은 본토와 홍콩 주식이 수년간 하락세를 보이자 지난해부터 암호화폐에 1만달러를 투자했다. 그러나 5일 암호화폐 가치가 30%나 폭락하자 “매우 우울했다”고 말하면서도 “다른 사람들에 비해 나는 레버리지가 없었기 때문에 운이 좋다고 생각한다”고 말했다.미국 경기침체 공포에 따라 비트코인은 지난 5일 하루 만에 15% 폭락했으며 에테르는 20% 가까이 떨어졌다.",https://n.news.naver.com/mnews/article/016/0002347253,104
"전쟁에 지친 가자 주민, 강경파 하마스 지도자 선출에 '낙담'",2024.08.08. 오전 11:34,"10개월간 가자서 4만명 사망, 지옥같은 피란생활…하마스 압도적 지지는 여전하마스의 신임 정치국장으로 선출된 야히야 신와르[AP 연합뉴스. 재판매 및 DB 금지](서울=연합뉴스) 김상훈 기자 = 팔레스타인 무장 정파 하마스가 암살된 정치지도자 이스마일 하니예의 후임으로 대이스라엘 강경론자인 야히야 신와르를 선출하자 10개월간 전쟁에 지친 일부 가자 주민들이 낙담하고 있다고 CNN 방송이 7일(현지시간) 보도했다.하마스는 전날 신와르가 정치국장으로 선출돼 테헤란에서 암살당한 하니예의 뒤를 잇게 됐다고 밝혔다.하마스의 가자지구 지도자로 대이스라엘 무력 저항을 이끌어온 신와르는 이로써 하마스의 정치, 외교 권한까지 손에 쥐고 가자 주민의 생사가 달린 이스라엘과의 평화 협상까지 이끌게 됐다.10개월간 이어진 전쟁에서 가족 구성원 5명을 잃고 식중독으로 고통을 겪고 있다는 하템 모하메드(47) 씨는 ""정치국장으로 신와르를 선출한 것은 전쟁을 계속하겠다는 메시지""라며 ""그들이 도대체 무슨 생각을 하고 있는지 모르겠다""고 안타까워했다.하마스의 라이벌로 서안의 팔레스타인 자치정부(PA)를 주도하는 파타당 전직 관리인 그는 ""너무 성급하고 비이성적이며 하니예 암살에 대한 반동적인 움직임""이라며 ""그들도 신와르가 정치국장 자리에 맞지 않는다는 걸 알 거다. 그는 감정적이고 성급한 사람""이라고 우려했다.전쟁 장기화 속에 아픈 아이들을 위한 식량을 구하느라 애를 먹었다는 이스마일 자랄 씨는 ""지도자가 누구든 관심 없다. 누가하든 죽는 건 마찬가지다. 그들이 가져온 것은 파괴뿐""이라고 일갈했다.그는 또 ""우리가 요구하는 것은 휴전뿐이다. 휴전 합의를 끌어내고 우리에게 남은 것을 지키며 매일 죽어가는 아이들을 구할 수 있는 사람, 자제력이 있고 공약을 남발하지 않는 사람을 원한다""고 강조했다.이스라엘 공습으로 폐허가 된 가자지구 중부의 한 마을[AFP=연합뉴스 자료사진. 재판매 및 DB금지]하마스 측 가자 보건부 집계에 따르면 전쟁 발발 10개월째인 지난 7일까지 3만9천677명이 사망했고 9만1천645명이 다쳤다. 이스라엘군이 제거한 하마스 공작원 수를 1만5천명으로 잡더라도 대략 2만5천명의 민간인이 희생된 셈이다.또 살아남은 피란민들은 기아와 질병에 고통받으면서도 공습을 피해 수시로 거처를 옮기는 등 그야말로 지옥 같은 삶을 견디고 있다.가자지구 북부 베이트 라히아 출신으로 지금은 남부 칸 유니스에서 피란살이를 하는 아부 파디 라피크 씨는 ""그는 나처럼 가족을 잃지도 고생을 하지도 배를 곯지도 않았다""면서 ""하지만 나는 집도, 영혼도 가족도 모두 잃었다""고 하소연했다.전쟁에 지친 주민들이 이처럼 하마스의 강경한 새 지도자 선출에 불만과 우려를 표출하고 있지만, 최근 실시된 여론조사 결과를 보면 하마스는 여전히 주민들의 강력한 지지를 받고 있음을 알 수 있다.팔레스타인 정책조사연구센터가 지난 5월 26일부터 6월 1일까지 가자지구와 서안에서 실시한 여론조사 결과 고통스러운 전쟁을 유발한 하마스를 비판한다는 응답 비율은 8%에 그쳤다. 반면 이스라엘을 비난한다는 응답자는 전체의 3분의 2에 달했다.또 가자지구 응답자의 46%는 전후 하마스의 재집권을 지지한다고 답했고, 하마스와 신와르의 통치에 만족한다는 응답 비율은 각각 64%, 50%나 됐다.하마스 전투원 출신인 아부 알리씨는 ""(신와르는) 하마스의 다음 단계를 이끌어갈 최적의 인물이다. 이 시련을 이겨낼 유일한 인물""이라고 말했다.meolakim@yna.co.kr",https://n.news.naver.com/mnews/article/001/0014863131,104
"우크라이나, 러시아 본토서 지상전…""개전 이후 최대 규모""",2024.08.08. 오후 12:32,"[앵커]우크라이나와 국경을 맞댄 러시아 남서부 지역에서 이틀째 지상전이 이어지고 있습니다.2022년 2월, 러시아가 우크라이나를 침공한 이후 러시아 본토에서 벌어진 최대 규모 전투입니다.한미희 기자입니다.[기자]러시아 남서부 쿠르스크 지역에 우크라이나 지상군이 침투한 건 지난 6일 새벽입니다.지상전은 이틀째 이어졌고, 러시아는 영토에 진입하려는 우크라이나군을 파괴하기 위한 작전이 계속되고 있다고 밝혔습니다.러시아의 침공으로 시작된 전쟁이 2년 6개월 가까이 진행 중인 가운데, 이번이 러시아 본토에서 벌어진 최대 규모의 지상 침투라고 외신들은 평가했습니다.우크라이나는 그동안 드론이나 미사일로 러시아 본토를 공격해 왔지만, 보병을 동원해 습격한 건 드문 일입니다.<블라디미르 푸틴 / 러시아 대통령 (현지시간 7일)> ""쿠르스크 지역 사건으로 시작해야겠습니다. 아시다시피 키이우 정권은 또 다른 대규모 도발을 감행했습니다.""러시아군 참모총장은 우크라이나군이 최대 1천명을 동원해 공격을 시도했지만, 진격을 막아냈다고 밝혔습니다.이 과정에서 우크라이나군은 100명이 사망하고 200여명이 다쳤으며 전차 등 50여대의 장갑차를 잃었다고 주장했습니다.우크라이나의 이번 공격으로 이틀 동안 민간인 5명이 숨지고 20여명이 다쳤다고 러시아 보건 당국은 밝혔습니다.우크라이나가 이번 공격에 대한 논평을 내놓지 않고 있는 가운데, 미국 역시 이를 사전에 알지 못했다고 밝혔습니다.<카린 장-피에르 / 백악관 대변인 (현지시간 7일)> ""관련 보도를 확실히 봤습니다. 우크라이나군에 연락해 그들의 목표에 대해 더 자세히 알아볼 것입니다.""그러면서 우크라이나가 자국을 방어하는 데 필요한 지원을 계속할 것이라고 덧붙였습니다.미국은 자국이 지원한 무기로 러시아 본토를 공격하는 것을 반대해 오다 최근에야 방어를 위한 제한적인 범위에서 이를 허용한 바 있습니다.연합뉴스 한미희입니다.#우크라이나 #러시아_본토 #지상전연합뉴스TV 기사문의 및 제보 : 카톡/라인 jebo23",https://n.news.naver.com/mnews/article/422/0000675357,104
"보잉의 굴욕...NASA우주인들, 스페이스X로 귀환할 듯",2024.08.08. 오후 12:05,"지난 6월 ‘스타라이너’ 첫 유인 시험비행 임무 중우주정거장 도킹 과정에서 헬륨 누출 등 문제 발생1주일 체류 예정이던 우주인들, 두 달간 귀환 못해문제 없다다던 NASA, 심각성 인정하고 대안 모색“시험비행 실패로 보잉 우주 사업에 심각한 타격”보잉 우주선 스타라이너가 국제우주정거장(ISS)에 도킹된 모습. NASA/AP 연합뉴스미국 보잉사가 최근 잇따른 항공기 사고로 굴욕을 겪고 있는 가운데, 우주에서도 일론 머스크의 스페이스X에 밀릴 위기에 처했다.미 항공우주국(NASA)은 7일(현지시간) 국제우주정거장(ISS)을 오가며 NASA의 수송 임무를 담당하는 유인 우주선으로 개발된 미국 보잉사의 우주캡슐 ‘CST-100 스타라이너’(스타라이너)의 첫 유인 시험비행 임무에 참여해 두 달 넘게 ISS에서 체류 중인 NASA 소속 우주비행사 2명을 보잉과 경쟁 관계인 스페이스X의 우주캡슐 ‘크루 드래건’에 태우고 귀환하는 방안을 진지하게 검토 중이라고 밝혔다. 다만 이 계획은 아직 확정되지 않았으며, 이달 중순까지 결론을 내릴 예정이라고 덧붙였다.지난 6월 5일 ISS로 떠난 NASA 소속 우주비행사 배리 부치 윌모어(61)와 수니 윌리엄스(58)는 당초 ISS에서 일주일가량만 체류한 뒤 지구로 귀환할 예정이었다.하지만 스타라이너와 ISS 도킹 과정에서 여러 차례 헬륨 누출과 기동 추진기 고장 등 문제가 발생했고, 이후에도 문제가 해결되지 않자 스타라이너를 타고 귀환하는 것을 차일피일 미뤄왔다.NASA는 지난 두 달간 보잉과 함께 문제를 해결해 유인 시험비행을 성공적으로 마칠 수 있다고 여러 차례 밝혀 왔지만, 결국 문제의 심각성을 인정했다. 이날 NASA 관계자는 스타라이너가 ISS에서 나올 때 헬륨 누출과 추진기 고장 등의 이유로 통제력을 잃을 수 있다는 점이 가장 크게 우려되는 부분이라고 밝혔다.NASA가 두 우주비행사를 스페이스X의 크루 드래건으로 데려오는 방안을 택할 경우, 크루 드래건은 당초 계획된 4명이 아니라 2명의 우주비행사만 태우고 ISS로 이동할 예정이다. 이렇게 되면 ISS에 있는 두 우주비행사는 내년 2월까지 총 8개월여간 ISS에 머물게 된다. 당초 이달 18일로 예정돼 있던 크루 드래건의 발사도 다음 달 24일로 미뤄지게 된다.스타라이너는 9월 초 무인 비행으로 먼저 지구 귀환을 시도한다. 켄 바우어삭스 NASA 부국장은 “지난 1∼2주 동안의 상황을 보면, 스타라이너가 우주비행사를 태우지 않고 돌아올 가능성이 조금 커졌다”라며 “우리는 이 옵션을 더 면밀히 검토해 실행이 가능한지 확인하고 있다”고 말했다.NASA의 이번 발표로 스타라이너 개발 과정에서 어려움을 겪어 온 보잉은 더 큰 타격을 입을 것이라고 뉴욕타임스(NYT)는 전망했다.2019년 12월 스타라이너의 첫 무인 시험비행에 실패한 보잉은 2022년 5월에야 무인 비행에 성공했다. 크루 드래건이 2020년 유인 시험배행을 마치고 상용화를 시작한 것에 비하면 매우 뒤처져 있는 셈이다.스타라이너의 개발 비용도 초기 15억달러에서 1억2500만달러가 추가됐다고 보잉은 지난 1일 발표했다.이번 유인 시험비행이 실패로 끝난다면, 향후 개발 과정은 더 늘어나게 된다.보잉사 대변인은 이날 성명에서 “우리는 여전히 스타라이너의 능력을 믿고 있다”라며 “NASA가 임무 변경을 결정하면 승무원 귀환을 위해 스타라이너를 구성하는 데 필요한 조처를 할 것”이라고 밝혔다",https://n.news.naver.com/mnews/article/009/0005347264,104
부통령도 강경 진보 vs 강경 보수…중간이 없다,2024.08.08. 오전 12:01,"민주당 카멀라 해리스 대통령 후보(왼쪽)와 팀 월즈 부통령 후보가 지난 6일(현지시간) 펜실베이니아 필라델피아에서 열린 첫 공동 유세에서 지지자들의 환호에 화답하고 있다. [로이터=연합뉴스]지난 6일(현지시간) 팀 월즈 미국 미네소타 주지사의 민주당 부통령 후보 지명으로 11월 미국 대선 대진표가 완성됐다. 민주당의 카멀라 해리스 부통령과 월즈 주지사 대(對) 공화당의 도널드 트럼프 전 대통령과 JD 밴스 상원의원 간 대결이다. 유색인종 여성 대 백인 남성 대선후보 등 여러 대비점 중에서도 강성 진보와 강성 보수의 대결 구도가 어느 때보다 확연해졌다.통상 미 대선에서 부통령 후보는 대통령 후보의 약점을 상쇄하고 중도·무당층 표심을 겨냥한 ‘보완재’ 성격의 인사가 선택됐다. 이런 전통적인 선거 문법이 이번 대선에서는 민주·공화 양당에 모두 무너지고 있다.해리스는 자신의 부통령 후보로 당내에서 가장 진보적이라는 평가를 받는 월즈를 택했다. 월즈는 주지사 재임 기간 보편적 무상급식, 유급휴가 확대, 성소수자 보호, 총기 구입자 이력 심사 강화 등 좌파 성향 정책을 다수 추진했다. 중도 확장보다 진보 색채 강화에 주력한 모양새다.이날 대선 승부처인 펜실베이니아의 첫 공동 유세에서 월즈는 트럼프에 대해 “마러라고 클럽에서 부자 친구들을 위한 감세에만 골몰한다”며 “트럼프가 재집권하면 중산층의 물가를 올리고, 건강보험을 무위로 만들고, 낙태를 전국적으로 금지할 것”이라고 비판했다.지난달 공화당 도널드 트럼프 대통령 후보(오른쪽)가 ‘MAGA(미국을 다시 위대하게)’의 젊은 기수인 JD 밴스 상원의원을 부통령 후보로 지명한 뒤 미시간주에서 공동 유세하는 모습. [AP=연합뉴스]앞서 트럼프는 친트럼프 성향인 밴스 의원을 낙점했다. 트럼프 추종 세력 ‘MAGA(미국을 다시 위대하게)’를 앞으로 책임질 ‘젊은 MAGA 기수’로 평가받는 밴스는 낙태·이민 이슈에서 초강경 입장을 견지해 왔다. 트럼프를 보완하는 대신 트럼프의 색채를 더한 셈이다.양측 대선캠프는 레이스 초반부터 색깔론을 꺼내 들면서 원색적인 비난전에 나섰다. 해리스를 “래디컬(급진) 좌파” “마르크스주의 지방검사”로 공격했던 트럼프 캠프는 월즈를 향해선 “웨스트 코스트 워너비”(West Coast Wannabe·서부 따라쟁이)라 부르며 파상 공세를 폈다.반면에 해리스 캠프는 트럼프와 밴스를 ‘강성 MAGA’로 싸잡아 부르며 각을 세우고 있다. 월즈는 트럼프와 밴스, 나아가 MAGA를 두루 비판하는 유행어로 뜬 “그들은 기괴하다(weird)”는 말을 처음 만든 이력이 화제가 되면서 부통령 후보군으로 급부상했다.이런 상황을 두고 미 정치 전문가들 사이에서는 “정치 양극화가 낳은 비극적인 현실”이라는 우려가 나왔다. 이날 중앙일보와 서면 인터뷰한 토머스 슈워츠 밴더빌트대 석좌교수는 “이번 대선은 어느 때보다 강한 진보와 강한 보수의 전장이 됐다”며 “양당이 지지층 결집에 총력을 기울이는 사이 중도 성향 유권자들이 무시당하고 있다. 비극적인 일”이라고 진단했다. 로버트 슈멀 노터데임대 교수도 “정치적 양극화는 사람들을 왼쪽과 오른쪽 끝으로 끌어당기고 있다”며 “중도는 중요하지만 점점 사라지고 있다”고 짚었다. 슈멀 교수는 “정치 양극화가 극심하고 진영 간 대립이 깊을 때 폭력 발생 가능성은 더욱 커진다”며 “선거일이 다가올수록 정치환경은 더욱 적대적일 것”이라고 예상했다.이런 가운데 이날 공개된 공영매체 NPR·PBS와 여론조사기관 마리스트의 전국 유권자 여론조사(1~4일 등록유권자 1513명 대상)에서 해리스는 51%의 지지율로 48%를 기록한 트럼프를 앞서며 상승세를 타고 있다. 지난달 22일 조사에선 반대로 트럼프 47% 대 해리스 45%였다.",https://n.news.naver.com/mnews/article/025/0003378521,104
"""폴더블6 공시지원금 상향""…LG U+, '갤럭시 AI 페스타' 진행",2024.08.08. 오전 8:21,"8월 한달 간 'U일무이한 갤럭시 AI 페스타' 진행갤럭시Z폴더블6 공시지원금 최대 50만원으로 상향사진=LG유플러스 제공LG유플러스가 최신 스마트폰인 갤럭시Z 플립·폴드6 출시 기념으로 구매자에게 다양한 혜택을 제공하는 'U일무이한 갤럭시 인공지능(AI) 페스타'를 진행한다고 8일 밝혔다. 공시지원금도 최대 23만원에서 50만원으로 상향했다.LG유플러스는 이날부터 이달 말까지 공식 온라인몰 '유플러스닷컴'에서 Z 플립·폴드6 구매 상담을 받은 소비자 중 추첨을 통해 선정된 600명에게 최신 비스포크 가전 제품(4종, 각 1명)과 갤럭시 생태계 패키지(1명), 하나투어 여행 상품권(6명), 치킨 쿠폰(589명) 등 경품을 제공한다.또한 Z 플립6나 Z 폴드6를 구매하고 오는 31일까지 쓰던 폰을 반납한 소비자는 '갤럭시 바꿔보상' 프로그램을 통해 최대 112만원의 보상을 받을 수 있다. 유플닷컴에서 최신 갤럭시 제품을 구매하고 쓰던 폰을 반납한 소비자는 추가로 10만원을 더해 최대 122만원까지 보상을 받을 수 있다.LG유플러스는 갤럭시Z 플립·폴드6 구매 혜택을 강화하기 위해 공시지원금도 인상한다. 기존에는 사용하는 요금제에 따라 최대 23만원의 지원금을 받을 수 있었지만, 이날부터는 5세대(5G) 프리미어 에센셜(월 8만5000원) 요금제 기준 최대 50만원을 공시지원금으로 제공한다.이밖에도 △5G 스탠다드(월 7만5000원) 요금제의 공시지원금은 44만2000원으로 이전 대비 30만9000원 △5G 라이트+(월 5만5000원) 요금제의 공시지원금은 32만6000원으로 22만8000원 상향됐다.박준수 LG유플러스 디바이스 담당은 ""삼성전자가 진행하는 ‘AI 세일페스타’ 에 맞춰 유플러스 닷컴에서 최신 스마트폰 구매자들에게 다양한 혜택을 제공하기 위한 프로모션을 진행하게 됐다""며 ""앞으로도 구매자들에게 차별화된 혜택을 제공할 것""이라고 말했다.",https://n.news.naver.com/mnews/article/015/0005019468,105
'SM 시세조종 의혹' 김범수 카카오 창업주 구속 기소,2024.08.08. 오후 12:01,"SM엔터테인먼트 시세조종 의혹을 받는 김범수 카카오 창업주가 지난달 22일 오후 서울 양천구 서울남부지방법원에서 구속 전 피의자심문(영장실질심사)을 마치고 이동하고 있다. /사진=뉴스1검찰이 SM엔터테인먼트(SM엔터) 시세조종 의혹을 받고 있는 김범수 카카오 창업주 겸 경영쇄신위원장을 구속 기소했다.검찰은 8일 SM엔터 주가 시세조종 혐의를 받는 김범수 창업주를 구속 기소했다고 전했다.검찰에 따르면 김범수 창업주는 지난해 2월 하이브와 SM엔터 경영권 인수전을 벌이는 과정에서 하이브의 공개 매수를 방해할 의도로 2400여억원을 투입, SM엔터 주가를 공개매수 가격인 12만원 이상으로 올린 혐의를 받고 있다.이후 서울남부지방법원에서 김범수 창업주에 대한 영장실질심사를 진행해 ""증거인멸·도주 우려가 있다""며 구속 영장을 발부한 바 있다.앞서 서울남부지방검찰청은 금융조사2부는 지난 17일 김범수 창업주에 대해 구속영장을 청구했다. 당시 김 창업주는 지난 9일 20시간이 넘는 고강도 조사를 받았다.김 창업주는 구속 전 그 계열사 대표들 앞에서 해당 의혹은 사실이 아니라는 입장을 강조하기도 했다.",https://n.news.naver.com/mnews/article/417/0001019686,105
"'흙수저' 월즈, 집도 주식도 없어…보유재산 '13억원 미만'",2024.08.08. 오후 12:24,"美 정·부통령 후보 4인 중 보유재산 최소…연금 등 '보수적 투자'공화당 밴스는 부동산·주식·코인 등 59억∼147억원 보유'억만장자' 트럼프는 7조원, 해리스는 50억∼100억원 자산나란히 박수치는 미 민주 정·부통령 후보(필라델피아 로이터=연합뉴스) 미국 민주당 대통령 후보인 카멀라 해리스 부통령(오른쪽)과 해리스의 러닝메이트(부통령 후보)로 지명된 팀 월즈 미네소타 주지사가 6일(현지시간) 펜실베이니아주 필라델피아에서 열린 대선 유세 행사장에 참석해 나란히 박수를 치고 있다. 2024.08.07 passion@yna.co.kr(서울=연합뉴스) 권수현 기자 = 미국 민주당 부통령 후보로 지명된 팀 월즈 미네소타 주지사가 집이나 주식을 보유하지 않은 재정 상황으로 주목받았다.7일(현지시간) 미국 일간 월스트리트저널(WSJ)과 블룸버그통신 등 미국 언론들에 따르면 월즈 주지사의 순자산은 민주·공화 양당의 정·부통령 후보 4명 가운데 가장 적다.블룸버그 통신은 월즈 주지사 부부의 순자산이 100만달러(13억8천만원)에 못 미칠 것이라고 보도했다.월즈 주지사가 가장 최근 공개한 재산공개 자료는 연방하원의원 임기를 마쳤을 때인 2019년 제출한 것인데 당시 자산규모는 36만2천∼83만달러로 돼 있었다.공화당 대선 후보인 도널드 트럼프 전 대통령이 재산 가치 57억달러(약 7조8천억원)로 블룸버그 억만장자지수 500위에 올라 있는 것과 비교하면 '소박한' 수준이다.   공화당 부통령 후보 J.D 밴스는 2022년 상원의원 재산공개 자료에서 순자산이 430만∼1천70만달러(59억∼147억5천만원)라고 밝혔다.민주당 대선 후보 카멀라 해리스 부통령 부부의 자산 규모는 360만∼736만달러(49억6천만∼101억5천만원)로 알려졌다. 해리스 부통령은 55만∼110만 달러 현금 예금과 퇴직기금 77만5천∼180만달러를 보유했다고 블룸버그는 전했다.월즈 주지사는 특히 집 등 부동산과 주식, 펀드, 채권 등을 보유하지 않았다는 점에서 유력 정치인으로는 이례적이라는 반응을 얻고 있다.그는 2019년 미네소타 주지사로 취임해 관저에 들어가면서 미네소타주 맨케이토에 있던 집을 30만4천달러에 팔았다.월즈 주지사가 하원의원으로 있던 2007년부터 2019년까지 12년간 제출한 재산공개 자료에는 주식을 보유했던 적이 없다고 돼 있다. 그의 대변인도 월즈 주지사 부부가 주식을 단 한주도 가지고 있지 않다고 확인했다고 미국 인터넷매체 악시오스는 전했다.월즈 주지사의 재산은 교원연금, 대학 학자금 저축, 종신보험 등에 한정돼 있다. 그는 1989년 학부 졸업 후 2006년 정치에 발을 들이기 전까지 공립학교 교사이자 학교 미식축구팀 감독으로 일했다.블룸버그는 월즈 주지사의 자산 현황을 두고 ""은퇴한 교사이자 주방위군이었던 그의 상황에 걸맞게 그리 많지 않고 보수적인 투자""라고 평했다.엄지손가락 들어보이는 밴스 부통령 후보(밀워키 AFP=연합뉴스) 미국 공화당 부통령 후보로 지명된 J.D.밴스 상원의원(오하이오)이 17일(현지시간) 위스콘신주 밀워키에서 열린 공화당 전당대회에서 연설을 마친 뒤 엄지손가락을 들어 보이고 있다. 오하이오주 빈곤층 출신인 밴스 상원의원은 베스트셀러 '힐빌리의 노래' 저자로도 널리 알려졌다. 2024.07.18 passion@yna.co.kr이에 비해 경쟁 상대인 밴스 상원의원 부부의 자산과 투자현황은 월즈 주지사보다 훨씬 규모가 크고 다채롭다.쇠락한 공업지대인 러스트 벨트 출신으로 예일대 로스쿨을 거쳐 실리콘밸리 벤처캐피털리스트로 성공한 그는 100여개 회사의 지분을 가지고 있다. 그가 보유한 기업 지분의 가치는 도합 79만∼340만달러로 평가된다고 WSJ은 전했다.밴스 의원 부부는 은행 예금으로 85만∼180만달러를 보유했다. 비트코인도 10만∼25만달러 상당을 가지고 있으며 석유와 금에도 투자하고 있다.집도 여러채 가지고 있다. 2014년 워싱턴DC의 타운하우스를 59만달러에, 2018년에는 신시내티의 침실 5개짜리 집은 139만달러에 사들였다. 지난해에는 버지니아주 알렉산드리아에도 160만달러짜리 주택을 매입했다.두 후보는 연수입도 상당한 차이가 난다.월즈 주지사는 미네소타주지사로 12만7천629달러를 받고 있다. 미국 부통령의 1년 급여가 28만4천600만달러인 점을 고려하면 백악관에 입성할 경우 연봉이 2배 이상으로 뛰게 된다.그에 비해 밴스 의원은 상원의원 당선 이전에 일했던 벤처캐피털에서 받은 금액과 베스트셀러가 된 회고록 '힐빌리의 노래' 인세 수입, 부동산 임대 수익 등으로 2022년 한해 120만∼130만 달러를 벌어들였다고 WSJ은 전했다.역대 미국 대통령의 재정상황을 분석한 세무전문 변호사 메건 고먼은 양당 부통령 후보의 재정상황이 '아메리칸 드림'의 두 가지 사례이자 자산관리에 대한 대조적 접근법을 보여준다고 지적했다.고먼은  ""월즈가 안정적인 중산층 버전이지만 그리 매력적이지는 않다. 하지만 밴스가 부를 일군 경로는 대부분의 미국인들이 따라할 수 있는 것이 아니다""라고 말했다.[그래픽] 미국 대선 부통령 후보 월즈 vs 밴스(서울=연합뉴스) 김영은 기자 = 미국 민주당 대통령 후보인 카멀라 해리스 부통령의 러닝메이트 부통령 후보로 진보 성향의 백인 남성 팀 월즈(60) 미네소타 주지사가 낙점됐다.이에 따라 오는 11월 미국 대선은 민주당의 정·부통령 후보인 해리스-월즈 조와, 공화당의 정·부통령 후보인 도널드 트럼프-J.D 밴스 조의 대결로 전개되게 됐다.0eun@yna.co.krX(트위터) @yonhap_graphics  페이스북 tuney.kr/LeYN1inishmore@yna.co.kr",https://n.news.naver.com/mnews/article/001/0014863280,104
"2027년 천리안위성 3호 발사, 누리호 아닌 스페이스X 발사체 이용 까닭은?",2024.08.08. 오후 12:01,"정지궤도 위성의 고도와 무게, 누리호는 감당할 수 없어한국형발사체 누리호가 우주수송수단으로 자리잡았으면서도 우리나라 정지궤도 위성은 외국의 발사체를 이용할 수밖에 없는 실정이다. 2027년 정지위성인 천리안위성 3호를 발사할 예정인데 미국 스페이스X의 발사체를 이용한다.정지궤도 위성의 고도와 무게를 우리나라 발사체인 누리호가 감당할 수 없기 때문이다. 천리안위성 3호는 무게가 약 3.7톤에 이른다. 누리호에 실을 수 있는 탑재체 중량은 약 1.9톤에 불과하다.우주항공청(청장 윤영빈)과 한국항공우주연구원(원장 이상률)은 재난‧안전 대응 공공 위성통신 서비스 제공을 위해 개발 중인 정지궤도 공공복합통신위성(천리안위성 3호)의 발사를 위해 지난 7일 미국 스페이스X와 발사용역 계약을 체결했다.우리나라 달 탐사 궤도선 '다누리'를 실은 스페이스X의 팰컨9 발사체가 2022년 8월 미국 플로리다 케이프커내버럴의 우주군기지에서 아륙하고 있다. [사진=스페이스X]정지궤도 공공복합통신위성은 천리안위성 1호(2010년 6월 발사)의 통신임무 승계와 재난‧재해 대비, 공공 위성통신서비스를 제공하기 위해 2027년 하반기 발사 예정이다. 적도 상공 동경 128.2도에 위치해 통신임무를 수행할 예정이다.홍수 등 수재해 감시정보의 안정적 확보, 통신 기술 경쟁력 확보를 위한 테스트베드 제공, 지상망 붕괴 지역에 대한 긴급통신 지원, 해양경찰의 해양 안전과 주권 수호 활동, 항공기 안전 운항 지원 등의 임무를 수행한다.정지궤도 공공복합통신위성은 천리안위성 1·2호 개발로 확보된 기술을 바탕으로 정지궤도 통신위성의 독자개발 기반을 마련하고 공공수요 대응, 국가 위상을 높이는 데 이바지할 것으로 기대되고 있다.김진희 우주항공청 인공위성부문장은 “정지궤도 공공복합통신위성 개발을 통해 정지궤도 위성의 기술 고도화를 이루고, 재난·안전 대응 공공 위성통신 서비스의 제공을 통해 안전한 대한민국의 기반을 구축하고자 한다”며 “정지궤도 공공복합통신위성 개발이 원활히 진행될 수 있도록 우주항공청에서도 적극적으로 지원해 나가겠다”고 말했다.",https://n.news.naver.com/mnews/article/031/0000860386,105
"펄어비스, 2분기 매출 817억원... 獨게임스컴 '붉은사막' 출격",2024.08.08. 오후 1:44,"펄어비스 2024년 2분기 실적펄어비스는 2024년도 2분기 매출 817억원, 영업손실 58억원, 당기순이익 91억원을 기록했다고 8일 공시했다. 전년 동기 대비 매출과 영업이익은 각각 4.3%, 58.6% 증가했고 당기순이익 또한 흑자전환했다. 다만 광고선전비 증가로 적자를 지속했다.2분기 해외 매출 비중은 82%를 기록하며 글로벌에서 성과를 이어갔다. 플랫폼별 매출 비중은 PC 75%, 모바일 21%, 콘솔 4%를 기록했다.주력 PC 온라인 게임 검은사막은 서비스 10주년을 맞아 현실 속 하이델 도시인 '프랑스 베이냑'에서 이벤트를 진행해 북미 유럽 이용자로부터 호평받았다. 최근 길드 전쟁 콘텐츠 '거점전'과 확정 강화 시스템, 플레이 환경을 개선했다.검은사막 대규모 업데이트 '아침의 나라: 서울'도 7일 선보였다. 경복궁, 경회루 등 옛 서울을 배경으로 우리나라 고유의 우두머리 등 즐길거리를 추가했다.검은사막 중국 출시도 가시화됐다. 검은사막 중국 퍼블리셔 텐센트는 지난달 상하이에서 열린 차이나조이 2024 현장에서 검은사막 중국 출시를 위한 사전 마케팅을 준비했다.펄어비스는 3분기 검은사막과 이브 지식재산(IP) 라이브 서비스를 강화한다. 독일에서 열리는 글로벌 게임 전시회 게임스컴 2024에서는 신작 '붉은사막' B2C 시연 행사를 진행할 예정이다. 이브 IP는 '프로젝트 어웨이크닝' 2차 테스트를 진행하고 '이브 갤럭시 컨퀘스트' 사전예약을 시작했다.허진영 펄어비스 대표는 “붉은사막은 게임스컴에서 이용자가 플레이할 수 있는 약 30분 분량 시연 빌드를 준비하고 있다”며 “국내 이용자도 붉은사막을 체험할 수 있도록 11월 지스타에서도 시연을 계획하고 있다”고 말했다.",https://n.news.naver.com/mnews/article/030/0003230230,105
K-푸드 부적합 사례 증가…美·中 퇴짜 늘어,2024.08.08. 오후 1:06,"최근 3년간 한국산 수출식품 부적합 853건…지난해는 322건지난해 한국산 수출식품 부적합 사례가 전년 대비 늘어난 것으로 나타났다. 국가별로는 미국과 중국에서 부적합 건수 증가가 늘어난 것이 원인으로 파악됐다.식품안전정보원(이하 정보원)은 최근 3개년(2021~2023년) 한국산 수출식품 부적합 동향 분석 보고서를 8일 공개했다.정보원은 2016년부터 주요 5개국(미국·중국·일본·대만·EU)에서 발표한 한국산 수출식품의 부적합 동향 및 국가별 사례를 분석·제공하고 있다.최근 3년간 한국산 수출식품 부적합 사례는 총 853건으로 집계됐다. 지난해에는 322건으로 전년(244건) 대비 32% 증가했다.국가별로는 3개년 기준 미국에서 발표한 부적합 사례가 391건(45.8%)으로 가장 많았고 중국(238건), 일본(113건) 순으로 나타났다.원인 요소별로 보면 표시 기준 위반이 460건(37.2%)으로 가장 많았다. 이 중 미국에서 발생한 표시기준 부적합이 3개년 기준 전체 표시 기준 위반의 87.2%를 차지했다.미국 수출 식품 부적합 건수는 2021년 152건에서 2022년 86건으로 감소하다 지난해 153건으로 전년 대비 약 2배 증가했다.표시 부적합이 3개년 기준 460건으로 가장 많았다. 상세 원인별로는 ▲영어 미표시(77건) ▲성분 미표시(71건) ▲영양정보 미표시(60건) 등의 순이었다.중국으로의 수출식품 부적합 현황은 최근 3년간 매년 증가세를 보였다. 2021년 61건에서 2022년 81건, 2023년 96건으로 집계됐다.특히 지난해 중국으로 수출한 라면 등에서 검사검역 허가 미취득 관련 부적합이 25건을 기록하며 전년(1건) 대비 급증했고 이 중 동물유래 성분 함유식품의 검사검역 허가 미취득 정보가 12건으로 나타났다.일본의 수출식품 전체 부적합 건수는 최근 3년간 매년 감소했다. 최근 3개년 일본 수출 가공식품에서는 기준 미생물 부적합이 가장 많이 발생했고 품목으로는 수산가공식품이 대부분을 차지했다.지난 3월 12일부터 16일까지 미국 캘리포니아주 애너하임 컨벤션센터에서 열린 '2024 NPEW'에서 CJ제일제당은 '발효기술&친환경 원재료' 테마의 비비고 부스를 통해 글로벌 전 세계 관람객들에게 K-푸드 혁신 제품을 소개하고 있다(해당 사진은 기사와 직접 관련이 없습니다)이 외에도 대만의 지난해 수출식품 부적합 건수는 전년과 유사한 수준을 보였고 EU는 전년 대비 감소하는 모습을 나타냈다.이재용 식품안전정보원장은 “식품을 수출하는 경우 상대국의 관련 법령과 기준규격을 확인해 이에 맞게 제조하고 표시기준을 준수하려는 노력이 필요하다”며 “동일 품목에서 동일 사유로 부적합이 지속적으로 발생하는 경우, 특정 기업 또는 우리나라 수출 식품 전체를 대상으로 검사 강화 등의 조치가 취해질 수 있어 과거에 발생한 사례와 유사한 부적합 재발을 방지하려는 노력도 중요하다”고 말했다.",https://n.news.naver.com/mnews/article/092/0002341390,105
수익 목 마른 디즈니플러스…가격 또 올린다,2024.08.08. 오후 12:01,"미국서 월 구독료 종전 대비 2달러 인상'무빙' 대박 터뜨렸던 한국도 성과 부진…이용자 이탈 추세[서울=뉴시스] 김혜진 기자 = 방송인 유재석이 6일 오전 서울 영등포구 콘래드호텔에서 열린 디즈니 플러스 오리지널 예능 '더 존: 버텨야 산다 시즌3' 제작발표회에서 포즈를 취하고 있다. 2024.08.06. jini@newsis.com[서울=뉴시스]최은수 기자 = 글로벌 온라인동영상서비스(OTT) 디즈니플러스가 미국에서 월 구독료를 대거 올렸다. 수익성 확대 움직임으로 해석된다. 최근 한국에서 콘텐츠를 대거 쏟아낸 디즈니플러스의 국내 성적도 둔화되면서 수익성 부진에 대한 고심은 더욱 깊어질 것으로 보인다.8일 월트디즈니컴퍼니가 미국에서 발표한 새 요금제 정책에 따르면 오는 10월 17일부터 적용되는 디즈니플러스(+)의 광고 포함 요금제는 월 9.99달러로 종전 대비 2달러 인상된다.광고 없는 요금제 또한 종전 보다 2달러 올라 15.99달러로 책정됐다.디즈니+와 훌루, ESPN+ 등을 모두 볼 수 있는 인기 요금제인 ‘트리오 번들’ 또한 2달러가 인상됐다. 광고 포함시 월 16.99달러, 광고 제외시 월 29.99달러다.외신에서는 디즈니의 이번 가격 인상이 수익성을 끌어올리기 위한 조치로 해석하고 있다.  IT전문매체 더버지는 ""스트리밍 서비스에서 수익성을 높이고자 하는 디즈니의 계획""이라며 ""구독자들이 기뻐하지 않을 새로운 가격 인상의 물결""이라고 전했다.OTT 시장에 다소 늦게 진출한 디즈니플러스는 적자를 면치 못하고 있다. 지난 1분기 월트디즈니 실적 발표에 따르면 디즈니플러스와 훌루, ESPN플러스를 합친 전체 스트리밍 사업은 1800만달러의 적자를 기록했다.수익성 개선 일환으로 디즈니플러스는 지난 6월 일부 국가에서 '계정 공유 단속'을 시작했고 오는 9월부터는 다른 국가로 단속을 확대할 예정이다.이미 한국에서는 지난해 11월부터 월 9900원의 스탠다드 단일요금제를 월 1만3900만원으로 판매, 사실상 4000원 인상해 이용자들의 반발은 사기도 했다. 업계에서는 지난해 8월 공개된 오리지널 작품 무빙 흥행을 빌미로 구독료 인상에 나선 것으로 해석했다.그러나 최근 디즈니플러스의 국내 성적은 좋지 않다. 모바일인덱스에 따르면 지난달 디즈니플러스의 한국 MAU(월간활성화이용자수)는 249만명으로 전월 대비 1%(약 3만명) 감소했다.지난해 9월 흥행한 '무빙' 이후 이렇다 할 흥행 작품이 배출되지 않은 영향이다. 올해 디즈니플러스는 배우 송강호의 첫 시리즈 작품 ‘삼식이 삼촌’과 배우 한효주 주연 ‘지배종’을 잇달아 공개했고 지난달에는 배우 김하늘이 주연을 맡은 ‘화인가 스캔들’을 선보였으나 성적이 부진했다.한편 디즈니플러스를 비롯해 국내외 OTT들은 구독료를 인상하고 광고 요금제 도입을 확대하는 추세다. 넷플릭스는 지난달 미국과 프랑스에서 모든 고객을 대상으로 월 11.99달러에 광고 없이 콘텐츠를 시청할 수 있는 베이직 요금제를 완전 폐지한다고 발표했다. 앞서 넷플릭스가 지난해 6월 미국, 캐나다, 영국, 독일 등에서 베이직 요금제 신규 가입을 중단한지 약 1년 만에 기존 고객 이용도 중단하기로 한 것이다．",https://n.news.naver.com/mnews/article/003/0012717403,105
"[뉴테크] 항공기 첫 자동 이륙 성공, 연료소비 줄어 항속거리 증가 기대",2024.08.08. 오후 1:17,"브라질 엠브라에르사 개발엠브라에르는 지난달 23일 영국에서 열린 판버러에어쇼에서 이르면 내년 중 항공기가 스스로 이륙할 수 있는 기능이 들어간 엠브라에르 강화 이륙시스템(E2TS)을 E2 기종에 도입할 계획이라고 발표했다. /엠브라에르세계 3위 항공기 제작사인 브라질 엠브라에르(Embraer)가 세계 최초로 상업용 제트기에 자동 이륙 기능을 도입한다. 항공기의 비행과 착륙에 자동 조종장치가 도입된 지는 반세기가 넘었지만 이륙에 자동 기능을 적용한 것은 처음이다. 엠브라에르는 이륙 과정에서 조종사의 부담을 줄이는 것은 물론 운항 거리와 화물 적재량도 늘어날 것이라고 기대했다.엠브라에르는 지난달 23일 영국 햄프셔에서 열린 판버러 국제 에어쇼에서 내년 4분기부터 차세대 중형항공기인 E2계열 기종에 자동 이륙 시스템을 도입한다고 발표했다. ‘엠브라에르 강화 이륙시스템(E2TS)’으로 명명된 이 시스템은 자동으로 활주로를 달리는 항공기를 빠르게 날아오르게 하는 기술이다. 3년 넘게 이 기술을 개발해 미국과 유럽, 중국에서 특허까지 받았다. 지금까지 시험비행만 500회 넘게 수행했다.아르얀 메이예르(Arjan Meijer) 엠브라에르 상업비행 부문 최고경영자(CEO)는 “자동 이륙 시스템을 개발한 것은 항공사의 수요와 항공전자 기술력을 다음 단계로 끌어올리기 위한 요구에서 시작했다”며 “자동 이륙 기능이 항공사에 더 많은 가치를 창출할 것으로 기대된다”고 말했다전문가들에 따르면 민항기의 경우 대부분 일단 이륙하면 자동장치를 걸어놓고 목적지까지 다 가서야 다시 조종을 해서 착륙을 하고 있다. 2022년 2월 16일 싱가포르에서 열린 싱가포르 에어쇼에서 조종사와 관람객이 엠브라에르 E190-E2 조종석에 앉아 있다. /로이터 연합뉴스활주 거리 줄고, 항속거 리는 늘어나항공기 비행의 대부분은 자동화됐다. 민항기는 일단 이륙하면 비행관리컴퓨터(FMC)에 입력된 항로와 고도, 속도에 따라 자동으로 목적지까지 날아간다. 착륙할 때도 자동 착륙 장치의 도움을 받을 수 있다. 하지만 이륙 만큼은 지금도 자동 장치에 맡기지 않고 조종사가 무조건 수동으로 하고 있다.엠브라에르가 개발한 자동 이륙 시스템은 항공기가 활주로를 달리다 이륙할 최적의 시점을 결정해 날아오르게 하는 프로그램이다. 항공기가 위로 뜨는 힘인 양력을 얻는 정확한 시점을 계산해 조종사가 조종간을 당기듯이 기체의 기수를 들어 올린다. 기존 항공기도 컴퓨터의 소프트웨어만 업데이트하면 이런 자동 이륙 기능이 생긴다. 루이스 카를로스 알폰소 엠브라에르 기술부문 수석 부사장은 설명회에서 “조종사가 자동 이륙 기능을 사용하기 위해 별도 훈련을 받을 필요도 없다”고 말했다.회사는 자동 이륙 시스템을 활용하면 항속 거리가 늘어난다고 밝혔다. 회사 자료에 따르면 자동 이륙한 항공기는 연료 소비량이 줄어서 같은 화물을 싣고도 400~800㎞ 더 날아간다. 항공기를 하늘로 들어 올릴 양력이 생기는 시점에 정확히 이륙할 수 있어서 활주 거리도 줄어든다.회사 측은 자사의 중형항공기 판촉에 자동 이륙 시스템을 적극 활용하고 있다. 활주로가 짧은 작고 복잡한 유럽의 중소 공항에서 유리하다는 것이다. 엠브라에르가 E2 기체를 활용해 시험 비행을 한 결과 영국 런던 시티공항을 이륙한 경우 570㎞를 더 멀리 날았다. 엠브라에르의 190-E2는 106명이 탑승하며, 195-E2는 132명까지 탈 수 있다.엠브라에르는 이륙 과정에서 조종사의 실수나 과실을 줄일 것으로 기대하고 있다. 엄격한 훈련을 받은 숙련된 조종사도 사람이라서 같은 활주로에서도 적절한 이륙 시점을 놓치고 불필요한 연료를 소모할 수 있기 때문이다. 조종사가 이륙 과정에서 기수를 급격히 들어 올리다가 꼬리 부분이 활주로에 부딪히는 사고를 내는 일도 줄어들 것으로 보고 있다.지난 4월 11일 영국 런던의 런던 시티 공항에서 영국항공 엠브라에르 ERJ-190SR이 이륙하고 있다. /로이터 연합뉴스보잉·에어버스는 주저...기술 신뢰 확보가 관건항공기가 등장한 이후 운항 기술은 빠르게 발전했다. 1910년대 방향을 잡는 회전나침반인 자이로 컴퍼스를 이용해 자동 조종장치가 개발된 데 이어 1960년대 자동 착륙 기술이 처음 등장했다. 하지만 자동 이륙 기술은 개발이 늦었다. 이륙 과정은 항공기의 고도와 속도가 긴박하게 증가하는 단계로, 엔진 결함이나 활주로의 돌발 상황에 빠르게 대처해야 해서 자동 시스템보다는 조종사의 지속적인 개입을 선호하게 됐다는 분석이다.윤용현 국민대 미래모빌리티학과 특임교수(공사 25기)는 “이륙 과정에서 엔진에 결함이 생겨 추력이 떨어지거나 한쪽 엔진이 고장나서 항공기가 활주로에서 이탈할 경우 조종사가 순발력 있게 대응할 수 밖에 없다”며 “빠른 상황 대처가 중요한 단계라는 점에서 이륙을 자동화하는 것은 쉽지 않은 문제”라고 말했다.기술 장벽보다는 정책과 규제가 자동 이륙 기술 개발을 더디게 한다는 지적도 있다. 무인항공기 전문가인 심현철 KAIST 전기 및 전자공학부 교수는 “무인항공기에도 적용되는 항공기 자동 이륙 기술은 그 자체로는 난이도가 높지는 않다”며 “오히려 안전 문제와 법적 책임소재, 인증 등 규정 문제가 개발 속도를 늦추고 있다”고 말했다. 만에 하나 사고가 난다면 개발사가 책임을 모두 져야 하는 상황에서 굳이 조종사들을 대신할 소프트웨어를 개발할 이유가 없다는 것이다. 승객과 조종사들을 설득하는 문제도 남아 있다.세계 1, 2위 항공기 제작사인 보잉과 에어버스는 아직 자동 이륙 기술을 상용화하지 못했다. 에어버스는 지난 2020년 6월 자율주행·이륙·착륙(ATTOL) 프로젝트를 통해 자동 이륙 시스템을 시험했다. 에어버스는 당시 시험에서 이미지 인식 기술을 사용해 완전 자율 주행 기반의 활주와 이륙, 착륙을 성공적으로 선보이며 기술의 성공 가능성을 확인했다. 하지만 아직 실제 상업용 항공기에 시스템을 적용하지는 않고 있다.참고 자료ASCC(2017), DOI : https://doi.org/10.1109/ASCC.2017.8287427AIAA(2013), DOI : https://doi.org/10.2514/6.2013-4805",https://n.news.naver.com/mnews/article/366/0001010647,105
"카카오, 2분기 영업이익 1340억원…플랫폼 부문 성장 견인",2024.08.08. 오전 8:18,"플랫폼 부문 2분기 매출 전년 比 10%↑""카카오톡 본원 경쟁력으로 성장 기반 마련""ⓒ카카오[데일리안 = 이주은 기자] 카카오가 연결 기준 2분기 영업이익 1340억원을 기록했다고 8일 공시했다. 전년 동기 대비 18% 증가한 수치다.같은 기간 매출은 2조49억원으로, 전년 동기 대비 4% 늘었다. 영업이익률은 6.7%를 거뒀다.사업 부문별로 보면, 플랫폼 부문은 2분기에 9553원의 매출을 기록했다. 전년 동기 대비 10% 증가했다.플랫폼 부문 중 카카오톡을 통해 광고·커머스 사업을 펼치는 톡비즈의 2분기 매출은 전년 동기 대비 7% 증가한 5139억원을 기록했다. 톡비즈 중 비즈보드, 카카오톡채널 등의 광고형 매출은 3073억원으로, 전년 동기보다 9% 늘었다. 선물하기, 톡스토어 등 거래형 매출액은 2066억원으로, 전년 동기 대비 5% 증가했다.카카오톡의 2분기 기준 국내 MAU(월간 활성 사용자 수)는 4893만명으로, 성장세를 이어가고 있다.모빌리티·페이 등이 포함된 플랫폼 기타의 2분기 매출은 전년 동기보다 18% 증가한 3535억원이다. 포털비즈의 2분기 매출은 전년 동기 대비 2% 감소한 879억원으로 집계됐다.카카오 사업의 또 다른 축인 콘텐츠 부문의 2분기 매출은 1조 496억원으로, 전년 동기와 비슷했다.콘텐츠 부문 내 뮤직의 2분기 매출은 전년 동기보다 6% 증가한 5109억원이다. ‘아이브’, ‘라이즈’, ‘에스파’의 신보가 각각 170만장, 127만장, 117만장의 판매고를 올리면서 매출과 이익 성장을 이끌었다.스토리의 2분기 매출은 2157억원으로, 전년 동기 대비 7% 감소했다. 일본 웹툰 시장 경쟁 심화에 대응하는 픽코마의 전략적 마케팅 확대로 비용이 증가한 영향이다.미디어의 2분기 매출은 전년 동기보다 22% 증가한 896억원이다. 제작 라인업이 하반기에 집중됐던 지난해 하반기 기저효과 때문이다.카카오 측은 ""톡채널과 선물하기 등 카카오톡을 기반으로 하는 기존 사업 구조를 굳건히 하고, 카카오톡의 본원 경쟁력과 새로운 동력이 될 AI(인공지능) 신규 서비스 개발 등에 속도를 내 중장기적으로 지속 가능한 성장을 위한 기반을 구축할 것""이라고 밝혔다.",https://n.news.naver.com/mnews/article/119/0002859964,105
10명 중 8명 채용시 평판조회…평판 데이터 제공 '스펙터',2024.08.08. 오전 11:53,"스펙터, HR 담당자 대상 ‘채용 평판조회’ 조사응답자 10명 중 8명 평판조회 경험레퍼리의 객관성과 정확도 낮은 답변에 대한 우려인재검증 플랫폼 스펙터, 평판 데이터 제공[이데일리 김현아 기자] 인재검증 플랫폼 스펙터(대표 윤경욱)가 8일 HR 커뮤니티 기고만장과 함께 국내 기업 HR 및 인사 담당자를 대상으로 실시한 ‘채용 시 평판조회 진행 현황 및 인식 조사’ 결과를 발표했다.이번 조사는 채용 트렌드 파악과 서비스 고도화를 위해 지난 6월 25일부터 7월 12일까지 진행되었으며, 다양한 산업군에서 103명의 HR 담당자가 참여했다.평판조회, 모든 직급에서 일반화… 실무 검증 과정 필수화조사에 따르면, 채용 과정에서 평판조회를 실시한 경험이 있는 응답자가 82%에 달했다. 평판조회를 현재 진행하고 있는 기업도 62%에 이르며, 이는 채용 시 검증 과정이 일반화되고 있음을 보여준다.특히, 차장/부장급(46%)과 대리/과장급(44%) 채용 시 평판조회가 가장 활발히 이루어지고 있으며, 모든 직급을 대상으로 평판조회를 실시하는 경우도 26%에 달했다.평판조회, 채용 과정 전반으로 확대평판조회가 주로 진행되는 단계로는 ‘2차 면접 이후’가 43%로 가장 높았으나, ‘1차 면접 이후(26%)’, ‘서류 전형 합격 시(5%)’ 등의 응답도 있어, 채용 과정 전반으로 평판조회가 확대되고 있는 것으로 파악됐다.또한, 평판조회 결과가 채용 의사 결정에 미치는 영향을 10점 만점으로 평가한 결과 평균 7.01점으로 나타나, 평판정보가 채용 결정에 중요한 역할을 하고 있음을 확인할 수 있었다.신뢰성 확보가 과제이번 조사에서는 평판조회 과정에서 담당자들이 겪는 어려움도 드러났다. 레퍼리의 객관성 부족(80%)과 부정확한 정보 제공(69%)이 주요 우려 사항으로 꼽혔다.또한, 지원자의 이탈 우려(41%)와 응답 지연(31%)도 평판조회 진행의 걸림돌로 지적됐다.스펙터 윤경욱 대표는 “이번 조사는 기업 규모와 관계없이 채용 실패를 방지하기 위해 평판조회가 필수 과정으로 자리 잡고 있음을 보여준다”며, “스펙터는 체계적인 검증과 객관성 높은 평판 항목을 바탕으로 HR 담당자들의 고충을 해소하고 신뢰할 수 있는 평판 데이터를 제공하기 위해 최선을 다할 것”이라고 밝혔다.스펙터 검증 방법은?스펙터는 고위직과 고연봉자 채용에 특화된 프리미엄 평판조회 서비스 ‘휴먼 인사이트’ 등을 통해 채용 시장의 새로운 지평을 열고 있다.스펙터를 통한 평판조회는 지원자가 동의할 경우에 한해서만 가능하다. 평판이 등록된 지원자는 스펙터 플랫폼에서 10초 만에 평판을 열람할 수 있고, 등록된 평판이 없을 경우 스펙터로 요청하면 최대 3일, 평균 1.6일 내에 신규 평판을 확인할 수 있다.스펙터는 작성자가 지원자의 민감한 개인정보를 기입하는 것을 방지하기 위해 자체 개발한 민감 정보 필터링 기능을 도입해 스크리닝하고 있다. 그럼에도 스크리닝으로 반려될 정도의 평판은 출시 이래 0건이며, 서비스 런칭 이래 평판 삭제를 요청한 회원은 0.14%로 매우 낮다.스펙터가 312명의 회원 대상으로 실시한 설문 결과, 1. 한 번 받아두면 계속 쓸 수 있어서 2. 강점/개선점 코멘트가 유익해서 등의 이유로 평판 삭제를 원하지 않는다고 답했다.인사담당자는 지원자의 인사권자 평판을 통해 업무역량 중심의 성과, 강점/개선점, 리더십 등의 항목을 확인할 수 있고, 동료 평판을 통해 인성 및 성향 중심의 항목을 확인할 수 있다.특히 파워프로필 출시와 더불어 이전에는 검증이 어려웠던 이력서 내의 성과까지 검증이 가능해지며 종합 인재검증 플랫폼으로 발돋음하고 있다. 스펙터는 2022년 8월 스틱벤처스, 스톰벤처스, 스트롱벤처스, 베이스인베스트먼트 등으로부터 65억원 규모의 시리즈 A투자를 유치했다.",https://n.news.naver.com/mnews/article/018/0005807540,105