title,date,summary,elapsed_time
"北, 신형 미사일 발사대 250대 전방 배치…한미연합훈련 ‘맞불’(종합)",2024.08.05. 오후 3:48,"
● 북한은 250대의 신형 전술탄도미사일 발사대를 최전방에 배치하고, 김정은이 인수식에서 전술핵 능력을 강조했습니다. 이 발사대는 화성-11라형을 발사할 수 있으며 110㎞를 사거리로 갖추고 있습니다. 전문가들은 이를 대남 위협의 수단으로 볼 가능성을 언급하고 있습니다. 김주애도 이번 인수식에 참석했습니다.",2.4652557373046875
폐기돼도 또 돌아오는 野 좀비법안들,2024.08.05. 오후 5:55,"● 민주당은 21대 국회에서 거부권 행사된 양곡관리법, 농안법, 한우법을 22대 국회에서 재추진하고 있다. 정부와 농업계의 반대 속에 이들 법안은 거부권 우려를 불러일으키지만 민주당은 당론으로 처리하고 있다. 이들 법안은 농업계와 정부 사이에서 갈등을 야기하고 있으며, 정부는 재정 부담과 시장 조정 기능 방해 우려를 제기하고 있다. 국회는 여론이 갈리는 상황에서 야당의 대안 법안도 등장하고 있다.",3.2293858528137207
"'민주당 심장' 호남서도 투표율 20%대…""민주당, 이래서 되겠나""[르포]",2024.08.05. 오후 5:29,"● 더불어민주당은 윤석열 대통령 명예훼손 사건 수사 중 야당 정치인과 언론인들의 통신자료 조회를 공세하며 '정치 사찰'로 규정하고 확전을 예고했습니다. 야당은 윤석열 후보의 공수처 통신자료 조회 비판 발언을 인용하며 윤 정권을 비판했고, 여권은 '내로남불'이라며 역공을 했습니다. 국민의힘은 당 차원의 반응을 삼가는 모습이며, 추경호 원내대표는 정치적 멘트를 삼가는 것이 바람직하다고 밝혔습니다.",3.328507900238037
"야당 단독으로 '노란봉투법' 처리…여, 김상훈 정책위의장 추인",2024.08.05. 오후 5:22,"● 호남 지역에서는 더불어민주당 전당대회 투표율이 20%대로 낮아지고 있으며, 이재명 후보의 대선 후보로의 인기가 높아지는 가운데 김두관 후보에 대한 냉담한 반응이 나타나고 있습니다. 최고위원 후보 경선에서는 다양한 후보들이 치열하게 경쟁하고 있으며, 국민의힘과의 대립에서 민주당 당원들의 참여가 중요하다는 목소리가 나오고 있습니다. 민주당은 당헌 개정을 통해 당대표 선출 방식을 변경하고 있습니다.",3.4029948711395264
"北, 핵탄두 싣는다는 미사일 발사대 전방배치",2024.08.05. 오후 6:14,"● 북한이 신형 전술탄도미사일 발사대 인도 기념식을 열고 한미 연합 군사훈련 견제 및 내부 결속 강화를 목적으로 했습니다. 김정은은 강력한 힘의 구축으로 평화를 보장하고, 핵무력을 한층 강화하겠다고 밝혔습니다. 또한 최근 발생한 홍수 피해에도 불구하고 기념식을 강행한 것은 내부 결속을 다지기 위한 것으로 분석됩니다. 한미연합 군사훈련을 겨냥해 무기를 보여주는 것으로 예상되며, 대화와 대결 중 대결을 선택하겠다는 메시지를 미국에 전달한 것으로도 해석됩니다.",3.51725172996521
통신기록 조회 공방…3년 만에 뒤바뀐 공수에 국힘 ‘톤 다운’,2024.08.05. 오후 5:58,"● 더불어민주당 정을호 국회의원과 한국디지털콘텐츠크리에이터협회가 주최한 온라인 사이버렉카 피해 대책 토론회에서, 유튜버들이 사이버렉카 피해를 고발했습니다. 유튜버들은 법안 신설과 경찰·검찰의 신속한 수사, 플랫폼 규제 강화 등을 요구했으며, 전문가들은 강력한 법안이 필요하다고 주장했습니다. 이에 대해 국회의원은 사이버렉카로 인한 피해를 막기 위해 근본적인 대책이 필요하다고 밝혔으며, 쯔양 사건으로 유명한 유튜버들이 구속되는 등 사이버렉카 문제가 심각함을 보여주고 있습니다.",4.06459379196167
"미사일을 자주포처럼…북, 발사대 250대로 '1천발 동시발사' 과시(종합)",2024.08.05. 오후 6:00,"● 한동훈 국민의힘 대표가 취임 약 2주 만에 지도부를 완성했습니다. 압도적 득표율을 토대로 '변화'에 초점을 맞추었고, 친한계 인사를 주요 당직에 배치했습니다. 친정체제를 구축하며 5명의 범친한계와 4명의 범친윤계를 포함한 지도부를 구성했고, 세대교체를 위해 젊은 인재들을 중심에 두었습니다. 당내 결속을 강화하고 중진 의원들의 고견을 청취하며 당의 쇄신과 정책 추진에 주력할 예정입니다.",5.1956517696380615
정부가 손 놓은 '사이버렉카' 막을 방법은 없나?,2024.08.05. 오후 6:02,● 김정은 북한 국무위원장이 신형 전술탄도미사일발사대 250대 인도. 군수기업소 생산된 발사대는 국경 제1선 부대에 배치될 예정. 이동식 발사대로 사거리 110㎞ 미사일 발사 가능. 근거리탄도미사일 화성-11라형을 위한 발사대로 추정. 북한이 한국 군 미사일 방어망에 과부하 유도하는 의도로 보임. 김정은은 전술핵 효과성 제고를 강조하며 무기체계 평가. 북한은 앞으로도 미사일 전력을 강화할 예정임.,5.706224679946899
"'친정 체제' 갖춘 한동훈, 탕평 대신 '변화' 메시지 ...""당 쇄신 성과내야""",2024.08.05. 오후 5:32,"● 미국경기침체 우려로 국내증시 폭락에 대형 방산주 하락, 테마주 급등. 이란-이스라엘 갈등 고조로 전쟁 테마주 급등. 이란 보복 공격 예상에 휴니드, 스페코 등 상승. 한화에어로, 현대로템, LIG넥스원 등 대형 방산주 하락. 테마주는 시가총액 작아 큰 주가 변동. 단기 급등 주의 요망.",6.7244627475738525
"꺼진 마이크에도 노란봉투법 호소한 이용우 ""파업 천국? 파업 그렇게 쉽지 않아""",2024.08.05. 오후 6:09,"● 증시 폭락 우려로 개인투자자들이 안전자산인 금리형 ETF로 자금을 이동시키고 있다. 이에 따라 금투협에 따르면 CMA 계좌 잔액이 증가하고 있으며 CD금리형 ETF에도 자금이 몰리고 있다. 또한 금, 은을 기초자산으로 하는 ETF도 상승세를 보이고 있다. 한편, 증시 변동성이 커질수록 VIX 상품들이 급등하고 있으며 공포심리가 높아지고 있는 상황이다.",6.953429937362671
삼성·SK·TSMC의 AI 반도체 미래… ‘전력수급’에 갈린다,2024.08.05. 오후 6:14,"● 8월 임시국회 첫날, 노란봉투법 통과. 국민의힘 불참으로 야당 단독 처리. 여야 대치 속 법안 토론. 국민의힘은 불법 파업 조장법이라 거부. 더불어민주당은 정당한 파업권 보장 주장. 노란봉투법은 친노동, 친시장, 친기업법이라 주장. 국회 문턱 넘은 노란봉투법, 대통령 거부권 행사 가능성 높아. 국민의힘 한동훈 대표, '친정 체제' 강화 위해 새로운 인선 발표. 더불어민주당, 검찰 통신 조회 공세 펼침. (연합뉴스TV)",7.096756935119629
주식서 뺀 돈 '파킹 투자' 몰려…금리·채권 ETF 뭉칫돈,2024.08.05. 오후 6:09,"
● 이용우 더불어민주당 의원이 노란봉투법 통과를 위해 대통령 거부권 막기 위한 호소 발언을 했습니다. 그는 노조법 개정안이 비정규직 노동자의 권리를 보장하는 법이라고 주장했고, 파업은 임금 손실과 해고 위협에 직면해 어렵게 결단하는 것이라고 강조했습니다. 이용우 의원은 정부와 재계가 노란봉투법을 통과하면 국가 경제가 파탄난다는 주장을 반박하며, 비정규직 노동자의 현실을 야만적이라고 지적했습니다. 그의 발언에 야당 의원들은 박수와 격려를 보내는 반면 여당 의원들은 대부분 본회의장을 떠났습니다.",7.108727693557739
"""곱버스도 국장이다""…코스피 폭락에 배팅한 투자자들",2024.08.05. 오후 6:43,"● TSMC는 대만 탈원전 정책에 따라 해외 생산거점을 모색하고 절전 방안을 모색 중이다. 삼성전자와 SK하이닉스도 송전망 사업 면제를 받았지만 전기료 인상이 걸림돌이다. TSMC는 초미세공정과 AI로 인한 전력 수요 급증에 대비 중이며, 국내 반도체 클러스터도 안정적 전력 공급이 성공적 운영의 관건이다. 정부의 전기료 인상 검토로 업계는 불안을 호소하고 있다.",7.163293838500977
폭락장에 고개드는 테마주…방산株 아닌 '전쟁테마株' 들썩[핫종목],2024.08.05. 오후 6:21,"● 코스피지수가 '역대 최대 낙폭'을 기록한 '검은 월요일'로, 외국인과 기관 투자자들의 코스피 하락을 노리는 배팅이 늘어났습니다. 'KODEX 200선물인버스2X'와 'KODEX 코스닥150선물인버스'는 큰 거래량을 보였고, 코스피와 코스닥지수는 각각 8.77%와 11.30% 하락했습니다. 이에 'KODEX 200선물인버스2X'의 하루 수익률은 18.55%로 치솟았고, 주식투자자들은 후회의 목소리를 내며 '곱버스'에 대한 관심이 높아졌습니다.하지만 이 ETF에는 개인보다 외국인과 기관의 매수세가 높았습니다.",7.470607757568359
'검은 월요일' 장중 2400선 붕괴…'주도주 재점검' 필요,2024.08.05. 오후 6:22,"
● 국내 증시가 역대 최대 낙폭을 기록했다. 외국인과 기관의 팔자로 코스피는 234포인트 하락했고 시가총액도 2000조원 이하로 줄었다. 미국 경기침체 우려와 AI 투자 회의론이 증시를 위축시켰다. 외국인이 1조5300억원, 기관이 2700억원어치를 매도하며 지수를 주도했고 삼성전자는 10% 넘게 하락했다. 전문가들은 진정이 필요하며 미국의 경기침체 가능성이 악재로 작용했다고 분석했다. 코스닥지수도 11.30% 하락했고 개인, 외국인, 기관의 거래량도 늘었다.",8.869353771209717
"[이슈플러스] '검은 월요일' 현실화...코스피, 역대 최대 낙폭",2024.08.05. 오후 6:39,"● 광주시교육청은 수능 D-100일을 맞아 안정적인 수능 시행 방안을 마련하고, 수능 응시원서 접수를 위해 연수를 실시하며, '광주 최종 완성' 모의평가를 보급할 예정입니다. 이정선 교육감은 고3 수험생을 격려하기 위해 서한문을 보내고, 건강을 유지하고 학습 효율을 높이기 위한 권고사항을 안내하며, 수험생들을 응원하고 격려하고 있습니다.",10.32468295097351
"""경기 피기도 전에 꺾일라""… 미국發 R공포에 '정책 딜레마' [블랙먼데이 쇼크]",2024.08.05. 오후 6:18,"● 글로벌 경기침체 우려에 따라 한국 증시가 급락하며 투자자들의 불안이 커지고 있습니다. 코스피와 코스닥 지수가 10% 이상 폭락하면서 서킷브레이커가 발동되었고, 신용거래융자 잔액이 19조원에 달해 추가 하락 가능성도 우려되고 있습니다. 투자자들은 자산을 처분할지, 유지할지에 대해 당혹스러워하며 증권사에서는 긴급회의가 열리고 있습니다. 증시 폭락으로 인해 긴급 대응이 필요한 상황에서 투자자들의 불안이 고조되고 있습니다.",10.974576711654663
'외국인이 끌어올린 코스피' 외인 팔자 속수무책…오늘 밤 美 지표 '촉각',2024.08.05. 오후 6:35,"● 수출 감소와 금융불안 등으로 미국 경기침체 우려로 한국 정부가 정책 부담을 느끼고 있습니다. 미국의 경기침체로 인한 수출 타격이 예상보다 빠르게 나타나고 있으며, 정부는 현재 경제정책 운용에 상당한 어려움을 겪고 있습니다. 미국의 경기침체로 인한 영향으로 한국은 수출 타격을 직면하게 되었고, 정부는 시장불안을 경계하면서 대응하고 있습니다. 미국의 경기침체 우려가 커지면서 정책 부담이 더해지고 있는 가운데, 정부는 정책대응에 제한을 받는 딜레마에 직면하고 있습니다.",10.980504751205444
바이재팬 대박 꿈꿨는데... “계좌가 녹고 있다”,2024.08.05. 오후 6:37,● 국내 증시가 급락하며 검은 월요일을 맞았습니다. 코스피가 200포인트 넘게 하락했으며 역사상 최대치로 떨어졌습니다. 미국 경기침체와 중동 불안으로 세계 주요 증시도 하락했습니다. 미국 고용지표의 부진과 실업률 상승으로 경기 침체 우려가 확산되고 있습니다. 한국은행은 FOMC 결과를 주시하며 선제적인 조치는 조심스러울 것으로 전망됩니다. 가상자산 시장도 큰 폭락을 경험하며 안전자산으로의 이동이 나타나고 있습니다.,11.227048873901367
"""비이성적인 폭락장""… 증권사도 투자자도 집단 패닉 [블랙먼데이 쇼크]",2024.08.05. 오후 6:19,"● 일본 증시가 역사상 최대 하락폭을 기록했습니다. 이로 인해 시장 참여자들이 돈을 대거 빼고 패닉셀에 동참했습니다. 한국에서는 ‘바이재팬 붐’이 있었지만, 닛케이평균은 한 달 만에 26% 하락했습니다. 이로 인해 투자자들이 질렸고, 레버리지 ETF는 하루에 25% 빠졌습니다. 또한, 도요타 등 주식도 대폭 하락했습니다. 경기 둔화 우려로 국고채 금리는 하락했고, 비트코인은 폭락했습니다.미국 경기 침체 우려와 연준의 기준금리 인하 기대로 채권에 돈이 몰리는 상황이었으며, 가상 화폐는 패닉셀로 가격이 추락했습니다.",11.231698751449585
광주시교육청 ‘수능 D-100일’ 수능 시행방안 마련,2024.08.05. 오후 2:15,"● 외국인이 1조 5246억 원을 순매도하며 국내 증시 하락을 주도했습니다. 경기침체 우려로 코스피와 코스닥이 역대 최대 낙폭을 기록했고, 서킷브레이커 1단계가 발동되었습니다. 미국 나스닥과 일본 닛케이도 큰 폭으로 하락했으며, 코스피는 16년 만에 최대 하락률을 기록했습니다. 이날 발표되는 미국 ISM 서비스업 PMI 결과가 반등의 실마리를 찾을 수 있을 것으로 예상되고 있습니다.경기침체 우려와 외국인의 매도세가 증시를 휘젓고 있는 가운데, 시장은 추가 악재 없이 하락을 이어가는 공백의 두려움을 느끼고 있습니다.",11.45133900642395
'외지 공무원' 들어오는 대구시청…약일까 독일까,2024.08.05. 오후 6:10,"● 대구시가 비수도권 최초로 공무원 거주지 제한 요건을 폐지한 결과, 13명 선발에 1천331명이 지원해 경쟁률이 1.7배 상승했다. 이에 대한 기대와 우려가 교차하는 가운데 대구 수험생들은 박탈감을 호소하고 있다. 거주지 제한 폐지로 인해 전국 응시자가 몰리면서 경쟁률이 급증했지만, 지역 이해도와 수용성에 대한 우려도 있다. 정책 추진에 있어서는 지역 이해도와 수용성의 중요성이 부각되고 있는 상황이다.",11.458006858825684
필리핀 가사관리사 100명 내일 입국...'고비용' 논란,2024.08.05. 오후 6:45,"● 필리핀 노동자가 외국인 가사관리사로 한국에 입국해 교육을 받고 9월부터 일손을 보조할 예정입니다. 월 200만 원을 넘는 비용 부담 우려가 있으며, 가정에 투입되는 업무는 아이 돌봄에만 한정되어 있습니다. 현재 422개 가정이 서비스를 신청했고, 비용 문제와 인권보호, 최저임금 등 논란이 남아있어 사업 성패를 지켜봐야 합니다.",12.01744270324707
"돈다발이 우수수...보안업체 직원, ATM 털어 숨긴 곳은?",2024.08.05. 오후 6:35,"● 은행 현금자동인출기를 훔친 보안업체 직원이 경찰에 검거돼 구속 상태에서 조사를 받고 있습니다. 지난달 23일 자신이 관리하는 은행 ATM에서 4억 2천만 원을 훔친 A씨는 도주 후 9일 만에 돈을 숨겨둔 곳으로 돌아가 검거됐습니다. A씨는 빚 상환과 유흥비에 돈을 썼다고 진술했으며, 경찰은 나머지 돈을 회수하고 추가 조사 후 검찰 송치할 예정입니다.",13.479963779449463
담뱃불 부주의 화재 잇따라... 1500여만원 재산피해,2024.08.05. 오후 6:18,"
● 유명 보안업체 직원이 은행 ATM에서 4억2000만원을 훔쳐 도주한 혐의로 구속됐습니다. 돈 중 3억4000만원을 묻어놓고 도주한 A씨는 개인채무 변제 등을 이유로 범행을 자백하며 경찰 수사를 받고 있습니다.",13.489600896835327
ATM서 '4억2000만원' 훔친 보안업체 직원…야산에 묻은 돈 찾다 덜미,2024.08.05. 오후 3:36,● 부산 부전동 공공임대주택 추가 입주자 모집 현장에서 수천 명이 몰리자 일부 시민이 더위로 쓰러졌습니다. 20대 여성이 어지럼을 호소하며 쓰러지고 구급대가 병원으로 이송했습니다. 대비 부족으로 폭염에 대비하지 못한 상황에서 대피소나 생수 등이 부족한 것으로 파악돼 부산도시공사가 사과하고 접수 일정을 연장하기로 결정했습니다.,13.890671730041504
폭염 속 행복주택 추첨 수천 명 대기 행렬...20대 쓰러져,2024.08.05. 오후 4:39,"
● 강원도에서 담뱃불 부주의로 인한 화재와 교통사고가 발생했습니다. 화천군 편의점에서 샌드위치판넬조가 소실되고, 속초시에서 1t트럭 적재함이 소실됐습니다. 또한 인제군에서는 서울양양 고속도로에서 4중 추돌사고가 발생해 20대 여성 2명이 경상을 입었습니다. 산악사고로는 설악산 봉정암에서 발목을 다쳔 30대 남성이 병원으로 이송되었습니다.",13.969087839126587
‘마약 동아리’ 만든 명문대생들… 술·외제차에 취해 국내외 유통,2024.08.05. 오후 6:18,"● 대학생 14명이 마약 유통과 투약으로 적발됐습니다. KAIST 대학원생이 주도한 동아리에서 회원들을 고급 호텔 등으로 초대해 마약을 제공했고, 약 1200만원의 수익을 올렸습니다. 동아리 회장은 LSD를 투약한 후 회원들에게 마약을 팔아 차익을 챙겼는데, 서울대와 고려대 등 명문대의 학생들이 포함돼 있었습니다. 검찰은 회원 14명을 적발하고 운영진 4명을 구속 기소했으며, 추가 수사를 진행 중입니다.",14.453277826309204
'폭염속 수천명 대기 실신사고' 부산행복주택 접수일 재공고 한다더니(종합),2024.08.05. 오후 6:19,"● 김원회 부산대 명예교수는 노년기의 남녀들이 성에 대한 의지가 여전히 강하다고 말했습니다. 나이가 들어도 성적 욕구를 버리지 말고, 성적 웰빙을 추구해야 한다는 주장을 펼쳤습니다. 섹스는 커뮤니케이션의 한 형태이며, 성은 모든 사람에게 공평한 선물이라고 강조했습니다. 성은 사랑과 친밀감을 높이는데 중요하며, 나이가 들더라도 성적 욕구와 받아들임의 자세가 중요하다는 점을 강조했습니다.",15.149845838546753
‘마약 동아리’ 변질된 전국 연합 대학생 모임…유통·투약 14명 적발,2024.08.05. 오후 6:18,"● KAIST 대학원생을 중심으로 한 대학생 14명이 마약 유통과 투약으로 적발됐습니다. 동아리 회장은 공짜 호화 파티 등으로 회원을 유인해 여성을 초대하고 마약을 투약시켰습니다. 이로써 최소 1200만원의 이익을 얻었으며, 명문대생들뿐 아니라 의대·약대 학생들도 포함돼 있습니다. 서울남부지검은 회원 14명과 운영진 4명을 구속 기소했으며, 추가 수사를 통해 범죄단체조직죄 적용 여부를 검토 중입니다.",15.402204751968384
[3인3색 성이야기] 나이와 섹스,2024.08.05. 오후 5:41,"● 부산도시공사가 행복주택 추가 접수를 위해 신청서를 받았지만 현장에서 혼란이 발생했습니다. 대기자들이 너무 많아 대기표가 미리 소진되는 등 문제가 발생했고, 취소 결정 후 다시 접수를 시작했습니다. 이에 공사는 추후 일정을 재공지할 예정이며, 행복주택 모집 대상은 신혼부부, 고령자, 주거급여수급자 등입니다. 추가 접수일은 연기될 수도 있습니다.",15.416831970214844
페이는 되고 카드는 안 된다?…티메프 환불 '공방',2024.08.05. 오후 6:08,"● 티메프 사태로 휴가를 망친 소비자들이 환불 문제로 고통받고 있습니다. PG사는 책임을 지지 않겠다고 하며 환불이 어려운 상황입니다. 간편 결제로 산 상품은 환불이 이뤄지고 있지만, 일반카드로 결제한 경우는 아직 환불되지 않고 있습니다. 금융당국이 법리 검토 중이지만 시간이 걸릴 것으로 예상됩니다. 경찰은 관련 고소·진정 12건에 대해 수사 중입니다.",15.962379932403564
"""길 가던 30대 벼락 맞고 심정지""…8월 낙뢰 사고 빈번, '이것' 기억해야",2024.08.05. 오후 4:39,"
● 오뚜기와 당근이 함께하는 '3분 알바' 이벤트가 진행 중입니다. 참가자들은 3분 요리를 만들고 300만원을 받게 됩니다.신청은 18일까지 당근 애플리케이션을 통해 가능하며, 선정된 알바생들은 다음달 8일 서울 강남구에서 체험할 수 있습니다.과거에는 시몬스 침대와의 '겨울잠 알바'도 화제가 되었었는데, 1시간 잠 자고 300만원을 받는 기회를 제공했던 이벤트는 6만대1의 경쟁률을 기록했습니다.",17.017685890197754
누우면 바로 잠드는 ‘석기시대 수면법’ [글쓰는 닥터],2024.08.05. 오후 5:03,"● 가수 지드래곤이 설립한 '저스피스재단'이 공식 출범했습니다. 책임은 지드래곤이 맡고, 신규 음원 수익의 1%를 기부할 계획입니다. 이 재단은 마약 퇴치와 창의적 인재 양성을 목표로 하며, 정의와 평화를 향한 활동을 펼칠 예정입니다. 이날 창립 행사에는 최용호 갤럭시코퍼레이션 대표 등이 참석했습니다.",17.897804975509644
“3분 일하고 300만원 버세요”…1분에 100만원 주는 ‘꿀알바’ 뭐길래?,2024.08.05. 오후 6:39,"● 크리스천 플랫폼 '초원'은 이달 첫주 사용자 인기 질문 5가지를 발표했습니다. 남녀 관계와 신앙 고민 등 다양한 주제의 질문이 있었고, 챗봇을 통해 성경 해설과 조언이 제공되었습니다. 초원은 성경을 기반으로한 AI 기술을 활용하며, 매달 15만여명이 사용하고 있습니다. 사용자의 비밀이 보장되고 상담자의 주관이 개입되지 않는 서비스로, 대한성서공회의 공식 성경 역본과 협력하여 운영되고 있습니다.",17.92008876800537
"'인천 화재' 벤츠 전기차, 中 파라시스 배터리셀 탑재됐다",2024.08.05. 오후 6:33,"● 광주 한 대학교에서 30대 남성이 낙뢰를 맞고 병원으로 이송됐다. 국내 낙뢰 사고는 7,8월에 집중되며, 낙뢰는 더 위험한 형태의 번개로 간주된다. 낙뢰에 맞을 확률은 매우 낮지만, 국내에서 연간 약 20만 회의 낙뢰가 발생한다. 낙뢰에 감전됐다면 즉시 119에 연락하고 응급처치를 받아야 한다.산에서는 등산을 삼가고, 평지에서는 몸을 낮추고 움푹 파인 곳으로 대피해야 한다.특히 자동차에 타고 있을 때는 차 안에 그대로 머무는 것이 안전하다.",18.322556734085083
“바람피운 남친…어쩌죠?” ‘믿음의 조언’ 건넨 챗봇,2024.08.05. 오후 4:35,"● 벤츠 EQE 전기차 화재 사고에서 파라시스 배터리 셀 사용 확인됐다. 이 배터리는 중국 CATL과 함께 공급됐는데, 과거 중국에서 화재로 리콜된 적이 있다. 벤츠는 파라시스와 170GWh 배터리 계약을 체결하고 있다. 파라시스는 결함을 인정하고 리콜 비용을 부담한 바 있다. 현재 사고의 원인 조사 중이며 벤츠코리아는 근본 원인을 밝히기 위해 최선을 다할 것이라고 밝혔다.",18.764524936676025
"대한LPG협회, 'LPG 1t 트럭 서포터즈 2기' 모집",2024.08.05. 오전 10:10,"
● 대한LPG협회가 LPG 1t 트럭 서포터즈 2기를 모집합니다. LPG 트럭의 장점을 전달하고 노하우를 공유하는 역할을 합니다. 지원은 신형 포터2나 봉고3 LPG 운전자로 가능하며 30명을 모집합니다. 활동 기간은 4개월이며 혜택으로 활동비, LPG 충전권, 기념품 등이 주어집니다. 이호중 대한LPG협회장은 LPG 트럭의 소상공인 동반자로 자리매김을 지원하겠다고 밝혔습니다. LPG 트럭은 유류비 절감과 출력 증가 등의 장점이 있습니다.",18.83900475502014
"공익재단 약속지킨 지드래곤 ""마약퇴치 지원""",2024.08.05. 오후 5:43,"● 미국 암학회 연구에 따르면 X세대와 밀레니얼세대는 암 발병 위험이 더 높아졌다. 특히 젊은 세대에서 신장암, 췌장암, 간암 등의 발병률이 상승했다. 이는 비만, 건강에 해로운 식단, 수면 부족, 앉아서 생활하는 습관, 화학물질 노출 등이 원인으로 추정된다. 암 예방 계획과 선별 검사 개발이 필요하며, 시기적절한 검진이 젊은 세대에게 중요하다는 지적이 나왔다.",20.00922179222107
"“X세대·밀레니얼, 부모 세대보다 암 걸릴 확률 높다”",2024.08.05. 오후 5:43,"● 최근 한 설문조사에 따르면 현대인의 평균 수면 시간은 4시간에서 6시간으로 권장 수면 시간보다 부족한 것으로 나타났습니다. 인류는 원래 해가 뜨면 일어나고 해가지면 잠드는 생체 시계를 가지고 있으며, 숙면을 위해선 석기 시대의 생활 패턴으로 돌아가야 한다는 주장이 제기되고 있습니다. 빛을 활용하여 생체 시계를 조절하고 일정한 시간에 일어나며, 낮 시간에 행복하게 보내는 것이 좋다고 합니다.특히 아침 식사에 트립토판 리치 푸드를 섭취하여 세로토닌을 증가시키는 것이 중요하며, 침대는 단순히 잠자리로만 사용하여 잠을 편안히 자는 습관을 길러야 한다고 합니다.",20.303921699523926
"상승세 탄 해리스, 공화당 '反트럼프' 끌어들인다",2024.08.05. 오후 6:00,"● 미국 민주당 대선 후보 카멀라 해리스 부통령은 공화당 유권자를 공략하기 위해 캠페인을 전개하고 있다. 전직 장관 등 25명 이상의 공화당 인사가 참여하며, 중도 성향의 공화당 유권자들을 끌어들이는 전략을 채택하고 있다. 해리스 부통령은 공화당 내 반트럼프 인사들과 함께 유세를 벌여 지지율을 높이는 노력을 기울이고 있다. 이에 대한 여론조사 결과, 해리스 부통령의 전국 단위 지지율은 50%로 트럼프 전 대통령을 앞섰다.",20.33085060119629
"트럼프 ""당선 2주 안에 중국자동차에 고율 관세…석유는 더 캘 것""",2024.08.05. 오전 11:01,"● 미국 경기침체 우려로 아시아 증시가 일제히 급락했습니다. 닛케이225는 12.40% 하락하여 역대 최대폭을 기록했고, 코스피는 8.77% 하락하여 역대 최대 규모의 하락을 보였습니다. 삼성전자와 SK하이닉스 등 반도체주가 약세를 보였고, 중국 증시는 비교적 양호한 모습이었습니다. 외환시장에서는 달러 가치가 하락하며 엔화와 위안화가 강세를 보였습니다.",21.16390872001648
"이란 ""4월과 달리 입체적 공격""…'저항의 축' 총동원 가능성",2024.08.05. 오후 6:12,"● 마잉주 전 대만 총통은 라이칭더 대만 총통과 민진당에게 '대만 독립노선'을 철회하라고 촉구했습니다. 그는 신양국론이 대만 안보와 양안 평화에 도움이 되지 않고 적대적 감정과 혼란을 초래할 것이라고 지적했습니다. 또한, 양안 간 전쟁 가능성을 배제하지 않지만 양측이 신중하게 대처해야 한다고 강조했습니다. 마 전 총통은 양안 문제를 스스로 해결해야 하며, '92공식'을 거부하는 민진당 정부를 비난했습니다.",21.52462100982666
"마잉주 전 대만 총통, 대만 독립 노선 철회 촉구",2024.08.05. 오후 5:12,"● 영국의 팝 가수 아델이 독일 콘서트 중 욱일기가 등장해 논란이 일었습니다. 대형 LED 스크린에 욱일기가 표시되자 한국 팬들과 네티즌들의 비난을 받았고, 독일에서는 나치 상징 사용이 금지되어 있습니다. 아델은 이 상황에 대한 설명을 아직 하지 않았습니다. 또한 콘서트 중에는 파리올림픽 결승전 장면이 표시되는 등 돌발 상황도 발생했습니다. 아델은 공연을 마친 후 휴식을 취할 예정이라고 밝혔습니다.",21.91807985305786
미국발 경기침체 우려에 아시아 금융시장 초토화…한·일·대만 검은 월요일,2024.08.05. 오후 5:47,● 도널드 트럼프 전 미국 대통령은 다가오는 대통령 선거에서 당선되면 중국 자동차에 고율 관세를 부과해 미국 자동차 산업을 활성화할 계획이라고 강조했습니다. 또한 석유 시추를 확대해 미국을 에너지 강국으로 만들겠다는 의지도 재확인했습니다. 트럼프 전 대통령은 자동차 관세 부과와 자동차 공장 유치 등을 통해 미국의 자동차 산업을 활성화하겠다고 밝혔습니다.,22.27545475959778
“심지어 독일에서” 아델 콘서트장에 뜬금 등장한 욱일기,2024.08.05. 오후 5:25,● 중동 지역은 이스라엘과 이란 간의 긴장으로 위기 상황에 처해 있습니다. 이란은 이스라엘과 미국의 군시설과 가스유전을 포함한 입체적인 공격을 예고하고 있습니다. 미국은 중동 지역 긴장 완화를 위해 노력하고 있으나 이란의 공격이 지난 4월과는 다른 규모로 전개될 것으로 예상되고 있습니다. 중동 지역에서는 여행 경보가 발령되면서 항공편 운항이 중단되고 있는 상황입니다. 이스라엘의 방어력이 시험을 받을 수 있는 상황이 우려되고 있습니다.,22.612436771392822
"헤즈볼라, 이스라엘 북부에 드론 공격 감행…“군인 2명 부상”",2024.08.05. 오후 6:00,● 이스라엘 북부의 군사 시설에서 헤즈볼라 드론 공격으로 화재 발생. 헤즈볼라는 이스라엘에 대한 공격 대응으로 이스라엘 북부 군사 기지를 공격. 이스라엘군은 자폭 드론으로 다수 다쳐 화재 발생. 이스라엘은 레바논 무기 저장고 등 테러 기반 시설 공격. 이란의 공격이 임박한 가운데 이스라엘과 미국은 대비 중.,23.387417793273926
워런 버핏의 선견지명?…이미 주식 팔고 현금 확보했다,2024.08.05. 오후 5:15,"
● 중국 인민해방군이 북부전구와 남부전구 사령관을 교체했습니다. 황밍은 북부전구 사령관으로, 우야난은 남부전구 사령관으로 임명되었습니다. 부패 혐의를 받는 군 수뇌부도 처벌되고 후속 인사가 진행 중입니다. 인민해방군은 5개 전구로 구성되며, 각 전구는 육·해·공군을 포함하고 있습니다. 동부 전구는 대만 봉쇄 군사훈련을 강행하고, 남부 전구는 남중국해 영유권을 강화하기 위한 군사 훈련을 주도합니다.",23.750857830047607
"中 인민해방군, 남부 이어 북부전구 사령관 교체... 왜?",2024.08.05. 오후 5:09,"● 과기정통부가 스테이지엑스의 주파수 선정을 취소했다. 스테이지엑스는 자본금 납입 등 필요 사항을 지키지 않아 주파수 할당이 취소됐고, 430억원을 반환했다. 이로 인해 스테이지엑스는 법적 대응을 예고했고, 시민단체는 정책 실패에 대한 책임을 물을 소송을 준비 중이다. 정부도 제4이통사 출범 실패에 대한 책임론이 제기되며, 과기정통부는 통신정책을 재검토하고 신규 주파수 입찰기업 선정 과정을 보완할 예정이다.",24.299754858016968
"“이란, 지중해 가스전 타격 유력…미군도 공격 대상”",2024.08.05. 오후 5:13,"
● 이스라엘의 방공 시스템 ‘아이언돔’이 레바논 헤즈볼라의 로켓을 요격했다. 이란의 보복 공격이 예상되며 레바논, 예멘, 이라크 세력이 공격에 참여할 것으로 예측된다. 이스라엘의 방어망을 무력화하기 위해 미사일과 드론을 투하할 것으로 보인다. 이란은 이스라엘의 안보를 위협하고 주요 시설과 미군을 공격할 것으로 전망된다. 이란과 헤즈볼라의 이스라엘 공격이 이르면 24~48시간 내 시작될 수 있다는 보도도 나왔다.",24.382201671600342
통신비 인하 유도한다던 제4이통사 무산…남은 건 줄소송,2024.08.05. 오후 6:25,"● 지난해 12월 한국재료연구원장 공모에 지원했다가 자진 철회한 과기정통부 장관 후보자가 7개월 후 임명됐다. 유 후보자의 지원 이유는 제자들의 논문 지도였으며, 논문 지도를 위해 공모를 철회했다고 설명했다. 그러나 이 같은 선택은 이례적이었고, 뒷말이 의아했다는 반응이 나왔다.8일 유 후보자에 대한 인사청문회가 예정돼 있다.",24.566190719604492
"파랗게 질린 블랙먼데이, 와르르 무너진 보안株",2024.08.05. 오후 5:45,"● 한국 증시가 미국 경기침체 우려로 4년5개월 만에 최악의 블랙먼데이를 맞았다. 코스피는 8%, 코스닥은 11% 폭락해 시가총액 235조원이 증발했다. 보안주들도 10% 이상 하락하며 충격이 계속되고 있다. 전세계 IT 대란 영향으로 주가 수혜를 받았던 보안주들도 주가가 급락했고, 대다수 보안기업들 주가가 크게 하락했다. 아시아 주요 경제 지표도 하락했다.",24.982131958007812
"유상임 장관 후보자, 재료연 원장 포기 후 과기정통부 장관 후보자 지명",2024.08.05. 오후 5:35,● 야당의 이진숙 위원장 탄핵 소추안에 대해 김태규 방통위 부위원장이 강하게 비판했다. 여당이 야당 몫 상임위원 2명을 추천하면 방통위 5인 체제를 복원할 수 있다고 판단되지만 여야 대립이 심해 협조 여부는 미지수다. 이로 인해 방통위는 2인 체제로 운영 중이며 야당은 의결 권한이 없다고 주장해 왔다. 이에 방통위는 야당의 탄핵소추안으로 인해 혼란이 지속되고 있으며 국회의원 추천을 촉구 중이다.,25.6227707862854
"김태규, 이진숙 탄핵에 야당 비판… ""상임위원 추천해달라""(종합)",2024.08.05. 오후 5:32,"
● 엔씨소프트는 2분기 영업비용이 전년대비 11% 감소한 3600억원을 기록했습니다. 인건비는 7% 감소한 1880억원으로, 퇴직 위로금 반영과 장기 인센티브 충당금 등이 감소했습니다. 본사 임원 감축과 권고 사직 프로그램으로 연말까지 4000명대 중반의 인력 감축을 목표로 합니다. 마케팅비는 리니지M 업데이트와 신작 출시로 152% 증가한 174억원을 기록했습니다.",26.036507844924927
"'권고사직' 엔씨 ""2분기 인건비 1880억원, 전년비 10%↓""",2024.08.05. 오후 4:27,"● 오픈AI가 챗GPT 부정 사용 여부를 체크하는 워터마킹 기술을 개발했지만 공개하지 않고 있습니다. 기술은 약 1년간 준비됐으며 99.9% 정확도로 챗GPT 생성 콘텐츠를 식별합니다. 이용자의 1/3은 이 기술 도입 시 챗GPT 사용을 중단할 수도 있을 것으로 우려하고 있습니다. 미국 교사의 59%는 학생들이 AI를 이용해 부정행위를 한다고 생각하며, 학교에서는 이 기술의 공개를 희망하고 있습니다. 현재 오픈AI는 기술의 악용 가능성과 이용자 반발을 고려해 공개 여부를 결정 중에 있습니다.",27.464768886566162
"“오픈AI, 논문 등에 챗GPT 이용 감지 기술 개발…공개 안 해”",2024.08.05. 오전 4:03,"
● 올해 스마트폰 출하량 예상치는 11억9500만대로 3.8% 증가할 것으로 전망됩니다. 2024년까지 3%대 성장세가 예상되며, 삼성전자는 19% 점유율을 예상하고 있습니다. 애플은 17.4%로 감소할 것으로 예상되며, 중국 업체들의 공략 활동으로 3~5위 자리를 유지할 가능성이 큽니다.화웨이는 5G 스마트폰으로 시장에 복귀하며 상위 업체들을 추격할 것으로 보입니다. 삼성전자는 AI를 강조한 폴더블폰으로 시장을 주도하고 있습니다.",28.097468852996826
'위믹스 논란' 1년여만에 장현국 재판행…코인 가격 20% 폭락,2024.08.05. 오후 6:18,"● 워런 버핏이 이끄는 버크셔해서웨이가 현금 보유량을 역대 최대로 늘리면서 주식을 대거 처분했습니다. 애플 주식을 절반가량 처분한 것으로 알려졌고, 뱅크오브아메리카 주식도 매각했습니다. 이는 주가가 기업 가치보다 과열되었다고 판단한 결과로 보입니다. 세계 증시가 급락하고 있는 가운데 코스피와 닛케이지수도 사상 최대 낙폭을 기록했습니다.",28.2429838180542
"적자 간신히 면한 엔씨, 신작·M&A에 승부건다",2024.08.05. 오후 5:41,"● 엔씨소프트가 영업이익 88억 원을 기록하며 전년 대비 75% 감소했습니다. 분기 적자를 막기 위해 비용 효율화에 집중하고 있으며, 하반기에는 새로운 신작 출시와 M&A 등을 통해 신성장 동력을 확보할 계획입니다. 모바일 게임 매출이 감소했지만 신작 게임 출시와 업데이트를 통해 실적 개선을 목표로 하고 있습니다. 또한 서브컬처 게임사에 지분·판권 투자를 진행하고 게임 플랫폼 '퍼플'을 통해 퍼블리싱 사업을 확장할 예정입니다.",28.302810668945312
"삼성전자, 올해 '1위' 예상…""스마트폰 출하량 3년 만에 반등""",2024.08.05. 오후 5:32,"● 오픈AI가 '챗GPT 사용 여부 감지 도구'를 개발했으나 외부에 공개하지 않고 있는 상황입니다. 이 도구는 콘텐츠에 워터마크를 삽입해 '챗GPT 사용 여부'를 판별하는데, 정확도는 99.9%에 이릅니다. 그러나 출시를 논의하며 논쟁 중인데, 이유로는 챗GPT 이용자 감소, 기술 무력화 우려, 그리고 억울한 의심 사례 등이 제기되고 있습니다.",28.38358974456787
"""오픈AI, '정확도 99%' AI 이용 감지 도구 개발해 놓고 비공개""... 이유는?",2024.08.05. 오후 5:30,"● 위메이드 대표인 장현국이 법정에 기소된 사실이 알려지면서 위믹스 주가가 하락했다. 위믹스는 P2E 게임 관련 가상화폐로 인기를 끌었으나 대량 매각 논란에 휩싸였다. 투자자들의 비판 속에 검찰은 장 대표를 자본시장법 위반 혐의로 기소했고, 고소 당사자들은 허위 공지로 투자자들을 속였다는 판단을 받았다. 장 대표는 현 부회장으로 자리를 내주고 위메이드 그룹 부회장 겸 위메이드맥스 공동대표로 활동 중이다.",28.50987958908081
